Id,Name
a797c5db-232c-450c-8c8b-ae3189f5278e,Nurse Practicioner
eec18a97-83fe-476d-b10a-b1af14438483,VP Quality Control
386976fb-f8f7-4b6d-924f-9b2b4b3c7434,Software Consultant
8817bc0a-92cc-462b-9ca5-a30fcd4c0b82,Product Engineer
c07e4ef8-df99-4b40-ad4c-fb45fedf7b76,Payment Adjustment Coordinator
3e4818a1-1e08-465d-9443-91d853691cc6,GIS Technical Architect
df073178-90b2-4c8e-9bcc-ed8fa38bc870,Financial Advisor
79e9c514-377a-4b0c-ac56-1bc37b64c52f,Environmental Tech
4118d353-8525-43db-83f5-096a4d99aa05,General Manager
61941bfe-fa94-41a4-8bfa-d12775725a5b,Operator
a6f8986f-9bfa-4857-89ed-18a512b23712,Senior Cost Accountant
0cf1f492-a2a5-4c40-a547-cd68fb9241d1,Accounting Assistant I
7c9b8dc2-a7f6-44e7-a782-f799dae0d9e7,Financial Advisor
2bd041c4-a0dc-4a3e-afa9-7f8a9fe02045,Chief Design Engineer
d2339739-205f-419f-9d10-b1aacfb27770,Senior Sales Associate
cb6b3914-03cb-44d2-af5d-aeb3e7aedda6,Director of Sales
e83dade5-2961-4c51-af2c-7c0c1be60d6b,Marketing Assistant
60549570-c1e0-4260-807b-454c417c9dae,Sales Representative
f653227b-b997-4420-b3b2-3838dec91973,Director of Sales
5e4bc1b7-f399-4aea-8c93-a2eaf820659e,Financial Advisor
