Id,Name,JoinedDate
588f58a6-b527-4f10-a305-10b832a3deaa,Brittaney Fielders,07/01/2015
6199dcb9-e94b-4ccd-a247-8a790f1882af,Rhett Yushachkov,04/19/2016
e1306b6c-96d5-4a0c-a1d2-2336b034dcb3,Kinsley MacKibbon,02/05/2024
8e3204d0-4110-45ae-b665-66bbe03884e3,Hyacinth Krzyzaniak,09/17/2021
0332eb8e-89b9-4010-b819-08636b7286a9,Tomasine Sturney,03/25/2011
63f2a0e4-3f1c-4524-9f37-1d7143dcc596,Ashby Reeves,01/07/2022
ba7bb878-81f5-4f2a-a1b1-fd731ec47d21,Gayel Tidbold,03/18/2023
dd15c899-c25b-48b4-8751-3e35f1af1aa9,Flore Ozelton,04/09/2018
bb80410d-87ea-4204-971a-bb8bc96b4381,Cosme Tallman,01/29/2024
84ce44c2-f819-4e48-9727-684a1de25573,Maurie Sibly,05/21/2010
fb0702eb-7062-4be2-97e9-01b8d341cf78,Betteanne Manders,11/19/2016
bcc70f01-f857-4cf3-8fd4-4708245b8f9d,Nicol Daveren,01/04/2017
24de2fc9-7726-4dfb-b870-9ac75e75b032,Virgie Culbard,07/10/2014
b5891ada-fd50-443c-94b4-cc8ffa8b1b3f,Barton Oldfield,12/31/2010
309ce883-7527-4979-a6a2-def771a3a29d,Don Lott,06/27/2013
7763f705-950d-4dcc-9630-9b5af24cb040,Tatum McCallum,04/16/2023
fb0eace2-af8e-4bf9-9638-8f8e3976cfad,Ameline Lambe,04/18/2015
4b76b4c2-0186-41c8-a035-53bc50b15d9b,Neda Ruppertz,02/14/2023
f3c8b111-37a0-4573-b678-6b238307461d,Cordie Ferrick,04/29/2021
5d8f33a5-9f43-4e5e-b12c-f2c702e549d9,Gail Lillicrop,03/13/2013
04a8beac-43d7-47bf-85b7-7371c15a5638,Cobb Jimson,09/19/2016
e69de877-65b3-402c-abb0-5dba8a90653c,Padriac Dauncey,09/27/2019
611353d6-5d4c-4182-92f6-e51a0e7a6095,Marlie Longson,09/04/2012
a5a3a9c1-7a67-4537-b9d7-623ce5020cd6,Rancell Koche,06/25/2018
8f022025-1058-4aa0-8758-70dca3254d46,Hilary Baildon,07/06/2014
4186f3b6-50e3-4185-880c-6b4aaec18e89,Giorgia Ambroix,12/27/2021
09906b7d-794b-415d-9dee-745f8144ddc9,Guthry Longlands,11/27/2020
bcc1a32b-d4db-442e-8e93-d5232f87a95d,Merwyn Kempshall,04/13/2015
7b2819c8-8789-406d-8aa4-474a0680add0,Rania Geelan,07/11/2016
ec414995-a3b8-4575-b71d-5aec306eb57b,Shell Ledrane,10/16/2022
c226cd69-386f-4715-8942-b98c68b68641,Joelynn Craven,04/07/2020
c124500f-e236-4371-a4c3-c71422ce8be0,Zerk Jesson,10/10/2019
f418724e-c923-477b-a9e8-008629cc7b2d,Pepe Houlston,11/21/2017
99b469fb-cd21-465c-b53d-fa8093f2d601,Roldan Howselee,07/08/2020
e2c3ac47-0eee-41fd-b0bf-ead5e357a6f3,Den Schott,01/18/2015
9a0b1c13-c1fb-47b7-b5ee-6b0d6c823a77,Paul Zupo,10/27/2017
c7f07b25-8df6-4413-a789-66740e873072,Egon Dunbar,06/03/2018
7bad4cc4-a995-4eb1-8222-93f213813fd7,Mitchell Favey,01/12/2024
9c3ca3b5-79e1-46df-9e25-a714c068b75f,Sherlocke Cosins,05/24/2021
a5f344fe-6297-4f9e-beca-e0346086cf8d,Ax Kinzel,07/28/2018
97431665-756f-44bc-838a-ca630bb4c0b7,Alvera Batterham,01/27/2018
9f1a5d60-6ef3-4653-95ea-0cc085968ed4,Sully Roscamps,12/04/2011
2327ff17-5f6e-40f4-af14-9c5678a437b6,Erna Trevna,01/02/2024
db221b7c-bd70-48d5-80b3-631fd2dcac95,Terrell Borlease,03/16/2015
abbfc1e8-7e04-4745-b419-4a31d4b04cd4,Guillemette Prodrick,07/31/2022
2a4b66ff-90c2-48b8-969c-20423f788d9a,Rouvin Windross,10/28/2011
01b03e4c-a9a8-401d-81a5-1f7a00da3902,Vanda Tidder,05/24/2011
94804ba7-631f-43ca-b73f-f9b805ea5dc2,Elvera Downton,09/13/2015
6d40237e-9654-4c55-9347-8c1f93c4c062,Seward Snowling,06/13/2018
fd1b2d78-5406-4d10-b520-50d163f76787,Aubry Medlicott,10/05/2014
1321095c-041f-413f-ac58-56b997be50dc,Sella Lysaght,06/09/2017
e61b129e-39c5-40a3-a63d-08461c344f6a,Francisca Posselow,04/02/2020
2c2874ae-54de-4755-bbb9-d8a9d2cabe8d,Gabriell Beckett,07/25/2017
1e524d1e-bfd7-417f-b005-0652bd954f60,Hobard Wardingly,01/19/2021
24bd2783-957c-40f7-b111-d0e48b074862,Annalee Flipsen,01/05/2024
e2398e3d-3b0e-4ac0-8607-ace3c7cb7ec5,Brnaba Gilstoun,08/04/2017
6d6f640e-3ee4-4197-bf95-3fa1e157caad,Suzette Aymes,11/10/2018
6c78b937-b62c-4aad-938d-2c8a1ef0c17a,Seana Itzkovsky,05/08/2017
0a8fced1-b4f0-49c6-a8e7-838699c4ca44,Izaak Curnnokk,01/14/2023
25895ed5-c9fe-4d86-899d-47b4f71c448b,Hogan Ramage,09/17/2015
d2255a23-c89f-4a93-81e7-3dab81369c48,Dorthea Furtado,03/09/2013
7d71df7e-9420-4014-b1a7-1726dc51e9df,Tildie Decayette,03/20/2024
a3043b11-a88c-4ef0-8220-b1d036ae472a,Suzy Dimont,04/23/2021
9db189bc-068e-47ce-bf20-c25525d54ba4,Maggee Haste,09/18/2017
7643f599-5959-49ba-bdc4-ce2730d3256d,Orelie McCrory,04/15/2024
bc0eaa83-464c-4472-820b-f6f498b61a0e,Viviyan Rentelll,03/05/2018
f1c8221a-4b70-4cc3-b84e-aca356a883f9,Honoria Dare,12/03/2013
a35d308c-6204-4f6f-84a4-a9210624f63a,Jenda De Cristoforo,05/30/2022
4edc111d-3cbf-4e52-ba6b-c1c95cfb680d,Lib Weldon,07/17/2014
3840454d-d7bf-4166-a47c-5aa7e57be187,Maren Buttwell,10/31/2020
db885b1f-362b-4db8-96b9-f10483eb8fb7,Mortie Gargett,02/20/2011
7a7fb22f-0214-44fd-bc1a-3f0bbb27ed56,Nannie Bexon,10/30/2022
12f77f62-3968-48bf-8e3a-bf65c2665e85,Lissie Heinschke,11/22/2016
937fcb6e-8127-4ba7-b215-0042a850ad11,Tuck Pavek,03/25/2020
8c977fe6-6312-44a8-8002-4cf26c5e8d62,Malena Pitbladdo,05/14/2014
523a3333-c56c-4a9b-944c-e555baeddb19,Ferne Laverty,12/15/2022
417c5cf8-7aa3-4e71-b0e8-33b3f71fe8df,My Happert,09/19/2022
a7bb1105-7e60-4ba8-ba3f-d01288356557,Darrelle Treadgear,06/25/2012
561d927a-f59b-46aa-8485-b9f11f1c8f4b,Cleveland Ferber,03/31/2015
b30bec59-75d3-4775-9328-96a9011f95d8,Joelie Parkhouse,02/19/2020
9f91ac6d-4694-4f13-a786-57c9107e00eb,Egon McIlmurray,01/09/2018
e041bdf0-46a8-470b-8527-defb3119f42f,Penny Spinola,06/29/2013
077397b6-c4d3-4654-86af-ee7c8d4907e2,Cullen Luna,07/15/2010
f8915e97-9872-4ee6-9fa9-e389860fec8a,Lorne Coverley,02/18/2021
3df42152-d2c3-468f-9a32-6da7d9f39401,Nikki Aisman,03/10/2011
7dbe0626-277b-433c-adea-2b7bdb065019,Lief Cossor,12/25/2021
e571105d-fbc5-4743-a858-63be75a285a8,Claire De Atta,05/06/2023
3674b7ca-bc92-4cab-9afa-991b5eedad3e,Tabby Lochead,09/21/2010
47d911ae-4d8a-4c52-be74-f74dc75d0651,Abran Cogle,10/10/2010
3b2bc9f5-459f-4e0d-b035-45675bae8789,Mallissa Hallan,05/16/2020
0ac34e51-92a5-4ecb-8c40-f4d151a4e3a1,Nesta Gianilli,12/22/2020
0bc5d76f-1fc9-4f62-b169-50b21396ed91,Caleb Zealy,11/11/2016
bde743cd-3d3f-451d-953f-779bee2d6a17,Celesta MacRirie,07/02/2022
38da1cec-a767-485d-976a-8d377dfaaa6c,Anastasia Burchett,04/21/2013
64df219b-da73-4c6f-81ed-59e143374889,Kiley Garlette,06/14/2011
9a3b578c-15ab-4b16-acd7-b79b3ef9ee1d,Pearline Schole,11/23/2014
69fd0c15-5058-4d0c-8f7a-b268e3d2cd9c,Ortensia Dampier,10/30/2012
8638dbab-35af-4f7a-80a4-9833a1f69f65,Logan Wressell,10/05/2017
a30fe2c4-2964-4e38-b337-d96629c78cfb,Katalin Zylbermann,07/29/2015
6bb84234-c2de-4be6-aeff-0e7ffba6cdfb,Rogerio Winspar,12/05/2022
bee6df95-3efa-4a1e-9d27-8fa5d3b7fbad,Margalit Trustey,11/29/2022
4a17f851-dba2-48c2-b738-cc60c5d94f17,Rodrique Hawkings,12/27/2023
804333e9-cc0a-4c47-bde6-a873d8a91179,Ringo Matiebe,03/13/2015
63c5cc8e-acd0-481b-8c72-2e61459c8e2e,Bonnibelle Biskupek,08/19/2015
997d584e-6f12-404c-9c05-ee08d005cec7,Marcelle Loomis,12/10/2014
4a6ae40a-b428-4b13-b6c2-b20f39dc56bf,Marline Puckey,05/15/2011
ba1900d8-a35a-493b-b92d-f9dd01808114,Retha Cheales,03/16/2022
d3d0a25f-5437-48b4-b46d-b8e9c874b8bb,Ches Janjusevic,04/12/2023
e7122357-890a-4173-917a-521643c37ca8,Jordan Rawson,07/28/2020
c1889daa-344f-4f25-a952-5245a6ca7472,Natasha Fettis,08/01/2022
07218017-8d78-4a5d-8272-efe2f28de9cf,Frederigo Freeth,06/26/2022
9d30d74c-fcfb-49a2-9a54-61a9fe2f93b7,Shamus Villaron,06/19/2022
10542d6e-3b1f-4d27-92e1-b8b50771fcde,Alexandre Dormer,05/09/2011
4edd7a4d-31d8-412b-93fd-14a220ad4a4a,Rhoda Glas,06/13/2014
fd90aaa4-2996-4d47-b463-2a393720394b,Elroy Ellerton,08/18/2023
1cd12441-2c43-4916-9204-61a993b31e44,Dieter Utting,10/18/2023
b752ba49-0633-47b0-8f04-dbff58207000,Leah McGrudder,07/28/2014
c8b61343-548c-49a8-a06e-fea6ffcbbfe2,Thacher Jestico,08/17/2016
e1031d5e-4568-4c8f-b5d9-bb5814cbba3b,Lefty Gillogley,10/13/2022
abe7db79-03e0-4752-8127-955f01d063ec,Thorin Fitch,02/22/2013
1d5aa513-e40d-4041-b704-84845bb2cdac,Vincents Touzey,04/08/2015
17d86f55-03bd-4102-b5cd-7d04874eb353,Katrinka Hynson,02/11/2021
d610eb8e-98be-4d21-b17c-a41e8b30bcc8,Roth Demare,02/01/2019
32357c02-09ff-45fa-8139-1c19b5d19f51,Dasya Attlee,12/26/2013
3a10f485-3022-4eb0-8278-0fa6f33a14cc,Feliza Gundry,03/15/2011
5b142265-8d19-4aec-ad69-fcb7986d9b2d,Alex Lambdean,05/21/2021
e2a919bb-6a5a-471e-bc99-e2a7847b2556,Tyrone Geeson,04/26/2023
43080926-51e8-4675-87ed-204dc54073e4,Jacky Pidler,08/12/2010
cfd4f3a1-5f5a-4f22-88c6-9247a6a1de7c,Eartha Inns,01/23/2020
d1df68a2-2bcf-465c-a249-dfa8b3a57cf5,Joyan Dimmock,08/31/2022
df1ad00e-3ac6-4fc9-aee8-0442fbae8c21,Bran Batalini,12/12/2019
2fb3ee7d-da88-4024-bd64-7bf43dd2c2f4,Mira Klees,09/12/2017
ff53208d-416e-4fff-94b6-5522cdc85cdb,Aubry De Mitris,03/03/2011
35adfdce-0fb3-451a-80b2-1fa486c721d7,Harper Mordacai,05/08/2013
02a84a56-8918-47cb-a5bc-950263d89d78,Willamina Soldi,12/30/2013
d5585c30-8b76-4a60-89db-0c84485e08d0,Karita Moyle,11/28/2013
40dc8ec1-2548-41c0-9159-d01932485044,Averyl Bodimeade,02/27/2013
c04d1cc1-7162-48c2-9eb4-49b725274e7d,Jeth Ezzle,04/24/2023
670a1230-3d64-4398-91a1-ce6386488b7f,Bobbie Torn,10/10/2019
339d90ac-fc37-4dda-a115-fd56182ce26a,Alisun Herkess,03/19/2018
b5e14c6f-76e9-441b-9882-caa69008f567,Felipa McAdam,04/25/2015
19b71637-97e9-481b-8b02-ebf3ea15eefc,Pinchas Lucey,02/02/2021
2b0dc9de-a424-4d35-a416-ac9442cafdcf,Giorgia Ricketts,02/26/2015
0f5861ad-1d0a-4ee3-b791-7abd65f3a853,Immanuel Inskipp,05/18/2010
ec15d0c6-d9ad-4a61-8439-855357a0f639,Latrina Grevatt,05/30/2023
560078df-7fe3-42a4-be32-f9177034ba0e,Marsiella Tattoo,12/14/2018
2191ec46-cd72-491d-b473-355dd9c80f46,Miller Wylam,07/03/2022
351ae714-f3a3-467e-bf1f-e6365eafb5c2,Gabey Gauford,09/22/2016
87d1045b-9ec4-4739-a028-4d47b906eaef,Carlina Negro,10/09/2019
cb7a74c6-8be0-41f0-beb4-5c663299778f,Edi Zettoi,12/17/2012
7d96d8dd-b516-4ac2-874e-6cd498d787c9,Murvyn Monkleigh,03/07/2015
8b6ed658-3f3f-43ee-94e1-30afd83dca20,Mignon Gascoyne,02/13/2022
f1cfa43a-0df9-4cee-8ba6-8f75f5d49087,Fabiano Heake,04/29/2024
b73b3612-2dda-406a-a322-0c6792b3c9c1,Simona Piddick,09/26/2018
9e5160ff-0a95-4279-a205-9dedb84c08c5,Ethelind Biffin,01/18/2011
324d0aa2-2472-477f-a3d5-798da474379a,Tiphanie Tremonte,03/19/2011
086cd319-e7f1-4d0b-ab6f-86c34d81da60,Pearce Staton,04/20/2013
887c9f5f-6415-46be-bfaa-29f52ab2070b,Maximilien Toombs,08/14/2015
462352b5-7399-4fe9-b67b-e5e6b4133c24,Terese Cordell,03/22/2020
2059516c-ec57-473f-8418-bb42c7bb6df8,Wayne Gorthy,09/05/2016
97d8e9d6-971e-420e-8417-908eb4000519,Mair Ritelli,04/23/2013
9ee3f08d-c955-4b41-bda0-42b5945cbb93,Papageno Skotcher,05/10/2020
b60a2aef-eb82-4364-9898-b15802bf719e,Tiffany Bluett,09/19/2013
a3ff35b1-4a6e-4e47-bcae-306ed1ec1449,Gerta Effaunt,01/06/2019
30ccac26-c9a9-4478-9081-be14f3d65431,Tabb Lourenco,12/02/2013
d4ba8cce-cfd8-4b83-a8dd-fc905ade3cd1,Nowell Scarfe,10/30/2016
b5a9831c-3f26-425f-ae71-11ae19988824,Joline Fairburne,05/29/2020
ac803aa8-8d6b-48fa-87d6-11c22a243451,Merlina Schrieves,11/02/2018
cefdfb9c-15c8-48f1-aa3c-83ab5b0f6839,Rheta McArdell,07/07/2010
a874c9f5-6649-47d6-ad02-b0ff832fdeaa,Odo Dumbrall,05/26/2021
011986a3-dfda-4081-9fc8-5e71a05171a0,Olivier Sichardt,06/11/2020
c3529c05-123c-4826-8eb5-876b7c8601aa,Rozella Vasyukov,11/15/2013
2745dd79-95c9-4691-8428-0c742a88144b,Kristoforo Linden,06/14/2015
478b2de9-c7c1-4745-80bd-b518a26e2a27,Gretel Bouldon,07/03/2020
a39f97be-7ba2-4ca3-b591-529d18da81cb,Kania McCahill,05/08/2017
9d084b05-dcd9-444e-a6e6-45c38d019454,Amie Brocket,02/03/2021
e62a0548-0416-4386-a4f1-452fbe842df3,Wash Wynett,08/16/2020
967f83f8-7c43-46c4-8566-7ee539af0bb0,Finlay Henrys,03/18/2023
a03e9931-c230-4ae3-91b7-85d7ccba7028,Jeff Kerwin,01/07/2022
3de45a1f-a024-4c29-be1f-1da92920f38b,Maurita Waison,11/01/2015
79afa40c-28a1-4683-ac7f-ee04d53516ac,Clerc Grzeskowski,03/22/2014
a8b1de32-5dd5-443a-ac37-c14ac2e3c489,Nigel Dutnell,01/31/2020
61ba8439-838e-4182-b3af-93be2217f944,Ruthie Swiffin,02/01/2014
89efd6d3-3ad1-44c1-bed5-5c0ccf72da6b,Vern Sheryne,11/21/2023
a848e7d7-8a3b-430e-b90f-fdd8b67a9c86,Meryl Burns,09/20/2010
2fc40330-cceb-440e-ab44-c3699f160439,Rachael Hillitt,04/01/2013
90ef0b99-d6c3-4c97-bbb6-5dae419f8592,Jodi Matskevich,04/09/2015
dfbf5a47-c1dc-4de3-8408-5f3756c79032,Lovell Hugonneau,10/03/2017
2c176537-4562-4367-9be6-a7920dbbf1b9,Niel Dunkley,04/24/2023
90238b9c-d382-461d-a531-9813528a3feb,Jodi Jarvie,10/09/2014
1c3c52bd-db1e-4f6a-8c68-09b913c98199,Farrah Fladgate,02/02/2020
e83c3c6d-ca1d-47a6-b9ef-f132f803a25b,Dagny Jolliss,03/25/2015
c20e0311-2efc-473b-86fa-c97d4d21e540,Codee Aucoate,09/30/2018
89da6dcd-4a84-4930-8374-fef32baeb5c9,Jewel MacGillespie,05/16/2015
b0723b9b-c06a-48b1-be38-5d61894011b8,Joete Megainey,12/08/2019
182d57c6-9804-4223-9154-ee44651f5071,Nealson Poxton,08/27/2019
6365a83e-8d8e-4dd0-8d62-fde420ac40f7,Norris Szapiro,05/10/2017
0ff51410-6366-410f-8436-f7c91e78bc26,Dougie Breston,08/10/2018
89c04b33-0810-4150-954e-bbd3b53cf52c,Sherlocke Kaplin,11/15/2017
9e58a925-9297-4f17-b162-24cb67d49ec8,Maressa Hadlee,07/06/2011
e67e1a3e-9475-48f1-a849-515cc71d49cd,Kristoffer Joanaud,04/21/2014
e38fb294-6165-4792-8b38-2e35d8b38563,Agustin Trenam,11/25/2016
02fdc2b2-0216-411a-b079-503444be568c,Idell Longstreet,03/17/2023
9aecb217-602b-4ae9-8772-371546638d3e,Dacia McEntagart,10/20/2013
dea83e40-569d-46e0-85cf-41828c81ae35,Ysabel Tebbs,02/14/2012
a7355149-8ebf-489f-bfe3-99b48a976d26,Mathias McRill,01/17/2024
2fe8efcf-941b-4616-8365-45cff3cdfb76,Bernarr Dorward,08/01/2013
f32073e9-51f6-406d-a675-a6cb8e1f7e68,Mahmud Sowle,06/08/2013
876ae591-751f-4fc6-8b65-46b031b733ef,Berkly Siehard,03/18/2023
630a59f7-e886-44a9-8405-12d402c3645d,Etienne Gorrick,04/03/2013
c953b1df-66b3-4a3f-9f87-2101a6de3020,Stormi Armistead,07/20/2016
46a08256-b74a-4dd5-8409-d0f9efd3e855,Barde Pococke,10/27/2019
99dbb9b5-9a19-43d2-acd5-ff5fb7d62d84,Gwennie Cellier,03/21/2013
28bcfce9-07fd-4a20-8722-5797388a750f,Avril Harback,02/03/2015
84710cd9-4729-416d-876c-58da84119a55,Joshia Ormrod,11/24/2016
70ddac94-cdeb-40bd-a3b4-7343cf2bfdd6,Richmond Dunthorn,04/07/2024
c9cd7cac-d00a-452b-8a63-b37a188ce5ce,Far Ornelas,09/29/2019
45d6812a-d975-4305-bff9-aa34bf68e5d8,Jolyn Cobbe,06/24/2016
36145812-2680-4d48-989f-a6bf0b0846c6,Yolande Honnan,03/30/2022
15097659-cec1-4d69-80e3-8d4e67cd08f6,Bryce Elliker,06/21/2019
f6a723f1-47c4-4145-95d2-aad074509fee,Joshua Potter,11/17/2018
0311f8ed-29f1-45ff-8918-15413f4e8228,Celestina Klampt,11/12/2016
c670ccba-d21b-4028-8d8a-f40b2dd145e3,Giorgia Ohms,02/08/2018
649ebb65-e6ce-4898-87e4-5cd6c62ffae6,Rafe Pengilly,09/15/2013
97461287-964a-4e08-a137-0c709bafc1b8,Gaylor Pirot,03/23/2014
cb97fbd5-a7b7-4974-b31d-d8bdfff54dc3,Ronica Kirtlan,11/01/2015
7a142378-cd6d-4d03-82c3-d799bdd9af39,Dulci Feavearyear,03/10/2016
f49b83c5-f2bb-45f8-b118-653ea2d2e465,Galvan Rimmington,12/02/2022
937762ab-c94f-47b1-a5f9-3ac2977ecbb2,Kingston Whatham,05/31/2018
3bb81e26-5252-4da9-9f05-9d285e7a2a9b,Moina Lloyd-Williams,02/08/2020
171a4f75-5f1e-4773-9bae-1c57bfde711f,Catharina Jest,02/11/2015
d5677e36-b5b9-4dd0-8766-cc538e6eb39c,Rosamund Peirpoint,03/11/2022
b883fa8b-b0bf-4a42-ac20-a6ac9e2d8875,Boote Wallington,06/22/2015
3ad57507-bb02-4517-8ebf-4d5a7ba06de5,Anastasia Jerson,08/26/2010
b7fe3b3c-f753-4d01-a35a-e65384192f02,Cristian Farra,01/11/2012
45187d17-6ac7-4fe0-9cae-1dbac3868ebe,Shaine Stollenberg,06/18/2012
ab806524-94f9-4522-ae71-22d872ccb6fd,Larina Driver,12/10/2019
17160484-cfec-4f25-850b-734c6adb63c3,Ferdinande Zannuto,10/26/2019
d0405ebf-ae68-4833-a096-41863769e543,Florian Filson,09/14/2020
5d38ef85-2619-4af5-893d-81b2a69a72e4,Dorey Schoenrock,06/23/2021
09bf6ce6-607d-4b16-976b-ca44c592b130,Cindra Fewell,09/26/2023
aec06e79-d2db-4798-9a89-fb082dc6be48,Stephan Fleeman,07/28/2020
72313ea4-07d2-4aec-8ea6-fb5cc9be5d11,Sibelle Checketts,05/13/2017
19d58d27-9fa8-42e3-a406-144e7a54a61a,Masha Roo,02/28/2016
7fdbd667-940e-429c-9f87-3d2b59387ff1,Kora Gwyllt,04/24/2016
f7ab8425-9163-4df4-9403-3d0a6b703259,Alec Credland,05/04/2012
49135b92-e419-4e66-b787-1dd878230823,Rianon Shear,03/15/2023
7c82cb09-a7bd-4ef6-a415-e72f8204ab3e,Halli Chazelas,08/22/2012
a3d991c1-858e-42f8-b960-09c49670a98e,Feodor Selwyn,08/03/2018
ebfd7124-65bb-4118-b8cf-c5e24454a73c,Esme Hindenberger,10/13/2011
8b240cd8-d0a6-470f-9f26-5efc5c65cec3,Leonelle Saggers,05/01/2012
2d58c5ac-27d0-449a-b3f4-616999706c72,Leoine Crippell,03/27/2016
a051b202-ecbb-45d5-b610-3947bf5d7ca0,Winifield Polini,03/25/2011
a78380cb-bf30-43c3-a93d-5683429967d3,Heddi Mounter,06/20/2018
404913f8-49c5-4bdd-af91-a5d843363ff2,Naoma Almond,08/31/2015
8ed66d1e-3583-45fc-ba7b-e2464aca7484,Edith Ox,08/13/2016
29d6fc97-593a-494f-a228-35942b85f465,Jakie Lowdwell,10/09/2015
4e0917bf-b403-4122-8466-0df3ebe97225,Gay Panons,06/22/2019
2cd5f1a7-0406-43e3-90ce-121822fdb838,Dorisa Dancy,06/27/2010
34326e59-b6ec-4475-bc24-ce868478f88f,Selena Morkham,02/09/2024
9bcc5f20-187b-4ee3-9720-6f15f0086a0e,Deva Cockell,10/02/2014
c4a42571-ccb4-444b-8118-79c5e1e1b177,Dorothee Gammidge,11/13/2022
b30c3ea6-8ca2-4cab-bfd3-f05091cb9524,Bonita Abramcik,07/08/2010
af2be74c-c121-45a6-8058-cae4ca7738b0,Ronda Buttery,05/03/2015
168f58f7-d951-4fcf-9d62-6af63d67ded0,Giulia Salters,05/16/2022
6662202e-82e7-4012-a069-61c603207423,Anthia Poston,09/11/2011
870efd24-1356-4ccd-9636-14e0c43fbade,Kristen Trahmel,10/06/2012
f9061bb9-384f-4ac6-92e6-d6aa54db1818,Josefa Risdall,06/11/2013
ced5f8b1-7d47-4eda-95cd-8d2639a0d240,Mycah Dyne,07/19/2023
126b6a41-5b44-4610-92f9-b0a69ef537df,Corrianne Malan,01/29/2020
0be8a07d-d015-44de-b10e-7dd8f09d67ab,Marys Minihane,01/28/2017
37b9d6ce-183f-4bfc-896a-b3b8b8ffa5cd,Deane Pledge,01/11/2023
d3105f7c-c25d-49fd-b186-52de8801cd1a,Dilan Friberg,01/13/2016
c74f57b5-903a-435d-9031-a26f5241e52b,Jessamine Keymar,02/14/2024
9764d7f6-9f56-4bc8-b71d-4a8d17173a5b,Woodman Songist,07/16/2016
02c404a7-6f68-407e-8f8e-b8e97d7a6bbe,Jerad Gooda,12/28/2011
00296bbd-302b-40d8-8782-341952c61df9,Ransom Le Fevre,03/15/2016
f71ef71f-55fe-4a57-955c-f453fe63fdcd,Vito Lufkin,09/17/2023
0360d3ba-a679-4b51-a5b3-bd02f56c9a9a,Ranice Colls,04/27/2017
6ce32848-7a92-47fa-bcd3-e0c2d7737939,Hershel Wyche,02/07/2018
a553ecf1-84e7-4539-921e-46b83fad9650,Kimbell Louthe,02/16/2019
0aa149e2-52e9-4a77-839b-4b91dce35a43,Tadeas Butfield,12/05/2018
42ff6515-0bc7-49a0-958b-c7a5b1a72653,Celine Foxley,08/03/2012
82a74ca0-dbb2-4d4d-b1a1-b05240187969,Ibrahim Milksop,10/02/2010
1da38378-58af-4444-bb76-28566a49a446,Abran Littlechild,06/27/2017
de7ff537-5b99-44a9-a92d-ffe8aa8d0511,Hedi Reeds,09/20/2022
4f2a1511-fee4-428b-9abe-6d5b235e5461,Teddi Rigge,12/10/2020
6ae48985-5fe7-47cf-b397-ecba66f3341b,Christal Natt,11/07/2017
e78698e2-fe34-4c5d-8926-0af909c9c920,Amelie Willshear,01/11/2012
068c55c3-27d8-4a9a-98f2-21e55dc3498a,Free Hintze,06/20/2012
abd9cc62-f5c9-4a4a-bd64-4292cce18de7,Nikola Bugge,10/01/2014
a5f19ec7-c79d-42b9-98e3-1c8e4306802c,Rickie Osorio,11/20/2022
8d269157-dc0b-497d-aad2-1b797c4e7dfb,Urbano McNirlan,02/12/2017
9f8c188f-01f1-4824-ac6d-e0a57d41f314,Karalee Lucio,06/02/2013
36a59dea-05da-43b3-8034-8da9ae2deec9,Edwin Loraine,09/17/2013
4c521dd5-3c7f-458b-aded-46623900695c,Coralyn Sermin,12/09/2015
636f7e6e-800f-400c-afa1-657189805841,Jan Castagna,10/21/2012
4d9ad910-71db-4331-92b1-9b6bf2c65635,Filberto Charlewood,04/21/2018
965ae3cb-1b2a-4dd3-8f0b-90e5148bbba5,Ame Segrave,03/01/2024
2a8e3a26-0c29-432d-b776-7ba582419166,Gualterio Blackford,05/10/2017
fda2c498-397f-4872-952a-cae6ae620953,Salomi Bendixen,10/13/2012
e489e910-efef-4e70-a62c-8edd98dc88ec,Ronnie Ranshaw,09/11/2014
162f5afb-4828-44e3-b7f5-e2a27ecd651e,Norma Blamey,09/21/2010
8bca4fc7-50af-4eed-b8a0-aed50b8669a1,Britni McCann,06/25/2016
f3bec24a-2b30-4627-8c5a-f45ca52f29f8,Dorian McGann,02/25/2019
0b9f595b-91b6-449a-bdf3-b39296a46447,Ethelred Farthin,10/25/2017
8feb7407-de39-4223-a035-4f66f063f8c0,Georgette McGarel,05/26/2014
8f942693-f381-481a-b55f-97c28110bc62,Andee Biset,10/05/2021
31938cfb-35e9-4c4e-8a8e-7ebd1937b002,Dyana Broadbridge,02/26/2018
1f8ea67f-add9-478f-897d-18abf2f850f8,Ed Witter,09/12/2016
27b349cb-a407-493c-9443-e1bf1ac6769a,Rori Capitano,04/04/2023
72c978ef-3f5a-4e55-9a77-32e4ad0e4586,Cesare Haker,04/21/2024
7e573c89-5f43-4076-a637-b3cf5e7131ce,Myrwyn Aitkenhead,08/08/2018
b0c39451-51ff-4cd7-b981-e535b93ae783,Giana Mardlin,03/31/2016
fbc79475-9f71-4c36-8fbb-515be1b28368,Berne Margram,05/02/2012
6f045acc-025c-48f3-a8b8-f5b98435cc09,Vevay Turford,07/19/2014
9d0ad0d7-0a76-4b06-b2af-940fd51349a2,Marris Levay,05/31/2023
1f07ca37-8648-4bd3-b473-2fd7c1561020,Cora Schuck,11/29/2019
e9488325-1b77-4a71-8fb2-4a3fdaafbed3,Misti Conduit,01/19/2021
4051832d-1bd9-4429-9b69-bf93a433e9a0,Gunilla Jessep,12/10/2021
b6ffa822-3e82-4a72-b86d-881a0b756f9d,Lindsay Klaves,07/19/2016
e6dad1b0-eb4e-446c-aa6c-fa4a7c20932a,Madalyn Tevelov,03/16/2020
96ede012-721f-47d7-a136-68324247b058,Erhard Paffett,04/01/2022
e2a874af-9415-4b86-8b79-d10512dd2d20,Rey Durrell,08/25/2021
b1f08bfa-430e-41a4-affb-bf951e273b5c,Karlie Galia,08/30/2010
ce7e6899-8a91-452c-9a15-a7dd4e08b2a1,Ardra Caris,07/25/2017
e5a041b5-1250-4936-ad2e-e2ca977c059d,Adolf Pobjay,03/07/2022
1647eb75-2f5b-437d-a4d8-804e1f8c2917,Zaria Battram,07/24/2017
29a51a88-bd8e-41f7-9e82-e47b8fb050b7,Wini Herkess,11/02/2011
e0b67234-4802-4eea-8b89-ba95211d8e20,Gay Bretelle,06/08/2023
63d17b9a-e85b-4d1d-9ca4-7413864d7ed8,Julienne Hookes,09/26/2013
762d5f1f-6a69-4e93-b93f-409d2931083a,Evyn Kermath,06/10/2022
00d4b2b2-f35a-450d-9550-955c0c7376ed,Zebedee Krelle,02/03/2011
26dfcb77-8813-4448-91c7-e03d1dcd5704,Reena O'Connell,11/02/2023
265e8e3c-e673-459f-bd59-67347d6ac6e5,Trevar Roser,10/23/2012
024fb10f-bab4-4525-9676-effa23370339,Yardley Arckoll,03/27/2019
29344424-b772-4648-b04c-644f2193ba54,Starr Christer,11/24/2017
6052f72e-92c3-4203-a5a2-627f74b0f495,Karoly MacHoste,12/29/2011
ec56627a-d799-4a8f-937d-4c9502ba5ecd,Rana Pittle,10/28/2015
59f46e17-5a32-49a2-becc-e776f80d9a37,Samantha Lawrenceson,08/13/2013
574594ea-49a5-41a5-abbe-faa2743bec01,Tracy Munt,02/12/2017
9c0b0320-358a-468b-a9a1-4768fa104d0e,Kimberlee Aloshkin,05/12/2023
c249057c-c1d7-4fb0-a5d0-08f88f41aec8,Rickard Caveau,01/07/2015
f4c20261-c23d-44b1-8a3e-a2a6d863923d,Dallas Rubel,06/25/2018
b2702f08-fbd0-4e9b-9f29-3b81c82af688,Emmett Gauford,11/06/2023
e867f233-0e0d-44ef-902a-e2308d8dacc6,Collie O'Crevan,12/28/2012
a9593bfd-246e-407e-8e28-9532281413de,Milo Oxx,01/04/2024
ce5a13b6-5add-4765-967a-2c3ca8ac88e2,Kelsy Brocking,12/02/2010
69fa4e37-97db-404b-b981-951b44f81013,Clywd Morley,09/12/2019
1c66a578-5bd7-4d2e-81fc-42002ae0da9f,Giovanna Gibbe,06/09/2013
1262c166-221c-448c-b8c3-c3335d0db7d9,Sumner Stranieri,01/31/2024
71a0cda7-630c-4c33-b590-62449003f0a8,Cash Martinet,04/12/2020
9ae3a4f3-95fc-499b-9ee2-047b5d41baed,Cynthea Earland,02/05/2013
088b1f85-6499-422a-b14d-8e58da5b4c8d,Klara Hoffman,11/07/2018
50417012-6cc7-43e6-9e81-4f4e13e5ffd6,Prue Petrenko,02/14/2011
92f1c293-bbd0-41c7-b46e-ae741522a7a2,Aylmar Kave,07/07/2010
1ac2ed80-3c0b-4958-9ee7-d09d6fd8c1d7,Lucila Luckin,08/28/2022
18fabed1-16a3-4b31-98a6-8e688ff61ede,Daisey Brunicke,07/17/2013
277f0873-b77b-46fd-8635-7d4db48b8c8c,Kennett Le Fevre,05/04/2022
935206c3-676e-4e1c-a066-271f4795c8b4,Mike Cromb,07/08/2016
e4e4c7ce-f2fb-4e90-abb9-420c9904c99b,Lori Owbridge,03/02/2017
3082b108-d8e3-4cff-8811-fdc8935325ff,Craggie Fashion,02/28/2016
ec90d33f-d72e-43d4-b15c-a70e9e70d522,Hatti Jeacop,01/14/2011
02cb816c-163e-440b-82b6-d7dc99326578,Cly Tarbet,03/31/2017
97385cb2-ab7f-4395-a9c2-e731e8bbb96e,Drusie Mingardi,05/31/2023
1e88da92-6552-4474-8eb6-00d1fe7da931,Min Munns,08/13/2018
2cfc99d4-6b5a-499c-9222-f98b8525a025,Dix Geaves,10/28/2019
5d2bcbaf-3489-41d7-95d6-d6b79ff1078f,Nap Firpo,02/19/2017
9eb492b2-7f9b-49c6-8352-dd2fb8232aea,Minerva Hacquel,08/23/2019
30d380ab-2a94-46e7-9d5f-94f2c9a9acd6,Ealasaid Markovic,03/05/2011
3fde41ac-cf08-4d91-8854-a7ae6de4ce20,Phyllys Ferrarotti,04/25/2018
267b983f-ece6-46bc-b82e-87280b2f3d4a,Hoebart Costa,07/17/2013
2868eec5-32d2-4da1-ae09-29e99b59ae6e,Bernita Sharphurst,02/03/2013
68caf8f3-4b37-48b2-be01-3f5cb522ed75,Merna Chastel,02/07/2011
0ad447f4-c861-4b12-a75d-005dcf5c9e17,Ealasaid Brodie,04/09/2012
7a7e8f25-cc66-49de-ac59-ffa096bb098c,Zoe Grosvener,08/19/2021
00e61a94-32b9-4f34-a642-619058b1263e,Alphard Semaine,03/08/2018
75e0b199-0e25-4d42-b187-c37682ca77e4,Vinni Aspinell,07/05/2015
ef098051-851c-4737-a274-5059239b2751,Raviv Clac,06/16/2014
faa68c4a-309e-4397-bb91-a4a2bcac1a21,Leeanne Ramsbotham,03/12/2018
f22a1b35-a4da-4c02-b7e2-73f23639e23b,Flory Wain,01/08/2019
02b9fa5f-0be0-469b-99fe-cf5bc0c1867b,Katharyn Docksey,03/17/2020
8e054b11-d503-4496-9a3e-3d5ece17be6d,Kiele Thickpenny,04/25/2016
2a912d85-c9ce-4e46-8be9-5420c4a860c9,Emalia O'Shaughnessy,10/21/2018
ac921d4e-e0c9-475a-81d6-06be8eee010b,Donella Bauldry,09/07/2014
a89b0ed2-f38c-4649-a767-830d7cc8a6b1,Ingeborg Wooder,03/15/2021
2df49744-7bb4-40ac-b362-b7f3d2fded18,Ezekiel Kamen,11/11/2010
804d8863-2863-452d-a137-9c882ba874ed,Brenden Wolpert,09/09/2019
e2966093-4957-4754-af41-0038d0eeb61b,Arlen Flade,01/10/2016
96fd0bbb-bd67-4152-ad0b-c48a086d8b90,Roobbie Wakeham,01/08/2024
b436e973-f397-473e-9d33-8f97f372c504,Delila Dooher,07/26/2017
c795affb-c611-498a-9a94-9e40ec72e592,Bryn Duckerin,11/09/2010
d607ee2d-971d-458a-a559-ffa9a483cd9c,Ginevra Tadd,06/13/2015
a2fc73fa-41ee-43ba-b6c0-d16d144f2482,Maddie Hefner,10/29/2021
48098f90-c820-4383-976e-cce0c675f82e,Niki Stennet,09/11/2013
42c86e83-adf0-44a9-97d9-ab86bcbf157d,D'arcy Swine,01/11/2024
3e3953a6-66fd-4146-9a5e-a5144cd3cb01,Gale Donoher,08/18/2020
a39b6dda-b3a5-42b5-82c9-19cfe2a5c764,Karrah Scamel,04/23/2017
9556be70-61e2-423f-bce4-57270e2786b3,Mychal Jenson,06/16/2011
2cb954a9-a932-4ea4-9860-f9b8c2f6ce55,Leena Menis,12/24/2010
6e02fced-0a77-4635-9dfc-8ee6dea513da,Krispin Elphee,10/01/2011
f5bbcc83-e950-4e7d-b931-bb83777df55a,Justin Sparke,05/24/2019
bacf59fc-3b62-41bc-8b51-48fd00b61ef7,Yetta Maddocks,01/03/2019
a235e6a9-47c6-4000-95e5-6e6e59d030a4,Rogerio Pavie,02/10/2016
351c75fb-5c9e-41e0-98d1-f66d85703c2d,Marchall Leebetter,02/15/2022
28fc034a-aa19-4a31-b64b-566544f8d365,Magdalena Shankster,05/09/2020
544a9d50-c4ae-4ea5-b7c4-aefb03c7f176,Morse Willoughey,01/16/2021
8d8a95b1-fe45-4d93-a05f-a5ea87b7ab2b,Maggee Dougill,05/02/2016
4ff074cb-5367-42f9-a4c5-721a772e4099,Shaylyn Diaper,12/22/2015
18f90e4d-ae09-4ea9-a323-33a82f75cbe1,Eunice Spincks,01/15/2017
13e06604-11ec-4aa5-ac1a-747b775c53b0,Huntley Althrop,05/17/2018
fa968192-2872-45ff-90dc-aded26eb9436,Felicity McCafferky,12/14/2015
b33d5060-47e1-49e2-a416-788689119603,Jay Pettigree,08/25/2023
b75a8f36-7543-4238-a43c-8f9ff7c8087e,Ricardo Gurden,12/24/2019
100a0ee3-9d9e-4551-81b4-3371f91a90ef,Hurlee Pittford,04/07/2017
971cbb42-1fed-43a7-a9fd-75041fed5873,Zola Sidney,01/08/2022
37544023-e497-4763-a90c-fba228d09657,Laurel Mead,10/27/2017
162118bc-0067-4bb0-ab0e-cf49afd9d71b,Tracey Sexstone,05/13/2013
982c7de9-887f-41d7-a573-065039b517f4,Nanny Henze,12/13/2023
14412354-6ddd-4c02-bcb2-c761b7ffb8ff,Worth Dinning,02/26/2019
369a651a-baab-49d8-937b-7e20236ef121,Lyell Pechet,01/01/2021
b8e6a67c-8742-4384-b418-080a630bf280,Darlleen Caile,10/01/2011
4faf5a1b-8ed1-478d-b871-eff92580189a,Tamiko Dikels,11/02/2010
b2382fae-f7c3-429d-8e83-d7b5eca7a764,Marvin Becket,03/12/2012
38588bf1-d3aa-4b54-8c24-b92a3da1aece,Doralin Deverall,07/29/2015
8419f94e-9c67-4b8e-81ac-b3cda91b89d6,Wilie Waghorn,08/28/2013
01debd17-51a6-4e08-8d50-c7ff19623aa3,Aleta Thaim,02/19/2015
4d6a1b03-f49f-4071-b8e9-a304e430df7a,Karin Lubman,06/29/2015
8ceffbac-5bcb-4800-a379-adc8075d7486,Darell Snellman,02/22/2023
bd41494e-0b95-4bd1-b64e-580125fa1561,Siouxie Speachley,07/01/2018
883f68c0-62b7-4067-a810-ad48b9943b54,Elnore Hatrick,08/06/2019
090f643a-00ab-4ad7-bb32-32f4ddd69aaf,Jobyna Tumpane,02/03/2024
5c2a0621-e208-4c46-a79e-544ddbb631a6,Martynne Baggot,06/29/2011
0243ff36-a3d6-4b8f-ab7c-250257f74c97,Hamlen Minchi,04/04/2013
7e3b9490-5b52-45a6-90d2-b47edd131826,Tremaine Kohter,11/10/2014
37a4eaac-a598-4a1b-92b3-6827c3ff5cb3,Zachary Pursey,10/09/2021
3502de0a-d32b-47d3-bae3-355ec956845b,Ranice Tuddenham,05/19/2010
a51ded10-4f13-4bc1-b46b-5f48f841d086,Eveleen Carrabot,03/30/2015
d1d8b483-1d05-4b2e-abd6-c6904f0222fa,Thorn Josh,10/17/2017
9875ac4e-fb05-4656-9669-01434cb81aa6,Noble Kupisz,12/28/2015
f96bcea4-56ec-4ccc-8d16-d2d27a88bc93,Annmaria Dodridge,02/16/2023
d4fd78b1-59ed-4764-a4ad-0f789544af27,Dunc McGeraghty,10/20/2016
785c0ceb-2bff-499f-9ef0-76c4b5608541,Bette-ann Garrad,01/11/2013
75be19d4-6061-4446-9d9e-93a3cc3fa365,Hendrika Sabberton,06/30/2015
cf21bd50-25f5-4f0a-8e8e-590b4eeb0f47,Pernell Howkins,03/28/2013
005f1345-2b78-4230-af34-797ddcc8bf73,Camile Oldknowe,11/21/2019
e78f960e-7fe9-4520-a9bd-a679a9fc7d5c,Kym Vanyashin,09/07/2017
31d7fb83-b753-40c9-87f5-a6449b612fec,Freddie Kennaird,02/03/2019
6424decc-58ce-46fd-a16b-3b83b4707cf5,Leona Shafe,09/25/2011
fee56620-c8ad-4317-8876-a6e3cf0b27ae,Darby Chamberlain,06/22/2023
15c1a0a8-1b00-4407-a34c-3d3d798b7bf3,Farah Skews,06/20/2023
2026a272-9042-49fe-9dc2-05e8fbeb3b07,Julian Franzman,01/08/2022
40baf13d-513f-49a3-bbdf-0ff84c525df4,Maggie Heathcoat,12/06/2023
1ec4a1df-a578-4311-b6ba-a6d9f11f5e69,Amerigo Fetherston,02/04/2020
f1406a5b-1fb4-4b50-9ed0-f178c71675da,Tessa Beddie,11/11/2012
84c912cf-11bb-48c6-afcd-c0b5dba8a459,Adolphe Churn,05/22/2010
a3359f00-0ebb-4740-97eb-fc73d733f1f3,Cyril Rouff,07/05/2014
4cc998a0-5726-4723-a160-bf65c2406431,Raul Zaczek,08/28/2018
fc829f5f-e30e-4a1d-82b2-d143e22bbb6b,Leora Gaw,02/01/2021
b728f212-4d9c-4061-9018-ce37119ada47,Enoch Wreak,01/22/2013
67fe52de-92bf-4cfa-9367-cc6e1e98297f,Ernst Buxsey,12/26/2022
7fa21bbd-ef65-42bb-a2db-8a6d5d86534a,Zacharie Wehden,09/03/2017
43141474-2193-420d-82e5-c3042f0bf289,Bethanne Lucien,08/31/2022
1ca29ca3-daa0-4b07-95b9-961eba60aebc,Constantine Jennaway,03/16/2012
ab9a9c5a-094c-406b-b98f-be956f1596e2,Ronnie Whitters,01/18/2017
1ade2cb4-19fd-457b-adb8-94dac936736b,Ambrosi Stempe,11/21/2013
6c50160c-5645-4ece-ab97-5bf4e9cc2b46,Shelbi Kick,04/05/2018
3b80541c-585b-4aef-bcdd-9390e9bda194,Leyla Manon,02/26/2023
dd39a54e-91c4-4f24-ac2f-13b807ea61ba,Harry Llywarch,11/30/2012
ad659088-0585-4b4e-9905-c6b35b0deae7,Cesare Gile,10/18/2021
b4fc4811-c6ca-425b-9317-335dd2eba591,Bruno Berthon,05/22/2021
55e16310-296c-49da-91ea-edffc7246f62,Brandon Chalfont,06/15/2015
09474d1b-6c95-4c0c-ae0e-4f5a8a4aec97,Ingaborg Brimson,09/22/2023
38b94277-ace1-4060-8e53-5cb7151366d6,Kaile Eldin,08/09/2021
6d8d1267-3f20-4499-9c36-1f86f3f529de,Henri Vowell,09/25/2019
3f795614-79b3-4d01-a14d-aeea03164bec,Cecily Krook,09/19/2014
6dbd249e-404f-4cf4-8ef0-4bbcf7c02da4,Rustin Newvill,11/08/2010
e66543ee-bdd8-4f9d-aaa6-109a4acf84d4,Jorge Witherow,12/21/2020
6aca0e03-e33a-4745-8422-4ba2026f75de,Kinsley Duval,09/22/2013
fb4e72dc-d47b-48ba-a03b-1fe08da9fec8,Ambur Rarity,02/03/2016
9c716e2d-f452-44f3-ad71-aeef67e49987,Kamila Seifenmacher,02/14/2015
44369286-ed94-42f6-9a5d-5329374bd69f,Melli Kinvan,12/09/2022
7f50fd12-bc2c-4064-b2fa-4f57a2493cb1,Aeriel Truse,03/13/2019
20f51557-a046-440a-9286-32b0ea4993bf,Maynord Redhills,09/10/2018
0f372130-6468-40af-86ab-df42afefbc55,Gib Santacrole,05/07/2023
40a95b27-dda7-41e1-b8b0-2a9de5ae2f8e,Giff Lamball,08/19/2012
de18ff1c-d3cb-4855-b997-de75031f5547,Tore Radclyffe,03/12/2017
e767b76b-b296-4556-a5d2-77a82f680eb0,Gaile Joist,02/20/2023
209b758a-9506-4e1a-b8b3-c9a857c2480e,Whitman Leftly,10/16/2020
bf182318-4281-43f8-96d5-71a647aa7d57,Donni Elsie,05/19/2022
75498a66-e63f-408a-986e-9316a558803c,Nye Tayspell,05/12/2017
925edd4a-94f8-4d2b-8490-1c3460f6cf06,Johannes Pautard,07/28/2020
a6262ae0-d654-470c-82ac-a24bbb8aa70c,Giraud Jenoure,03/13/2011
0c87b279-ba6f-420e-b54c-7d5cbc06a01d,Letitia Kirsop,11/24/2014
2ae54335-260f-4eb8-ac7b-07b786b0849c,Sherwood Kinnier,02/08/2019
e986cafd-43d5-4965-82d3-b8bdcc2ad851,Fae Shorthouse,05/17/2014
80b5ef01-e156-45f6-99c3-49fc9ef5fd23,Mallorie Kolyagin,05/13/2017
98d6fbfa-23a6-47bc-b25f-d22afd96f0a8,Ermanno Bargery,07/19/2020
f26ec482-0454-44ec-89d1-1486ed6ffec5,Halie O'Lunny,11/08/2013
21894866-feeb-452b-9e8f-b37402a6e52a,Bethanne Yielding,02/08/2015
e84b47f2-a4ec-423c-adc5-7f3cf11935bd,Rudiger Barzen,01/21/2024
4c456f11-a49b-4c52-b6ac-88b8bd41c139,Karyn Poon,12/15/2013
dea5a55f-76f1-423b-9598-6200eb0297f9,Vita Blance,10/14/2015
8c5e6e1e-1b9a-41e4-baa6-90f46ce694fd,Shauna Denzilow,05/23/2013
34a8e7d5-a2a2-4a4c-b3f6-fd977ca61f8c,Margo Disdel,10/25/2010
20a14b5d-5b29-4a3e-9ed5-4c5ea1b7af22,Ermengarde Cashman,05/27/2016
17ad7891-fef0-4ed4-9c99-b673e2f1bfca,Alec Grigoroni,02/27/2017
0c0981f0-d3e4-42e2-881f-a0ac3f40b139,Cindy Heimann,10/14/2017
7c0e8791-f136-4075-acea-d7710e9eb243,Concettina Heiss,03/15/2013
ec2c9d28-cae2-46d7-85e2-a8ac0e5b62d5,Mirilla Minchenton,09/07/2017
f3a0245d-ee12-4187-ab3d-4ad2998166fe,Conney Povah,11/26/2011
8bfdae5f-e71a-4c23-9fd9-4c33cb9ebc1e,Lindon Machen,12/26/2019
fac04810-5e02-410d-92fb-7632f9a44ad6,Chauncey Harnes,05/16/2013
885d11e7-187e-4d02-a84a-c53a9e3003eb,Enid Haws,06/08/2016
f63227a4-cf06-4b52-ad38-97a4c68ad879,Upton Pretious,02/18/2014
63ea2ecb-b05d-4ac0-855f-980837edc0e4,Bobine MacFadzean,06/15/2020
dd3a2fb2-c92b-4962-9856-4aee8ffab3ff,Annamaria Attree,12/31/2021
c99d709c-6bc3-4c5f-9b1c-3ccce917c2f9,Elisha Cordner,10/29/2023
d4684ab8-d63e-49bd-ad76-6eccaae8b4da,Jdavie Pele,08/15/2016
72e52612-28ef-4806-a980-886fadbabcb2,Beaufort Abraham,04/20/2017
2661ccc2-a071-4cf7-96de-d2465370f371,Ricardo Pellington,11/19/2020
1318e96c-0b5c-4ec7-ad0d-2dd2596c385f,Joycelin Roze,08/11/2014
cd9cc9d2-e264-4121-8f75-042c28f58a6d,Petunia Gheeorghie,06/26/2012
9feededf-ab66-432d-8283-b4694a347fb6,Ellwood Dimberline,09/28/2016
5d60598d-e765-4c09-a4e4-6e78eabe5d44,Cointon Mabbitt,09/27/2013
4b97e9fd-44c6-4997-a779-d593d153b2b7,Lorna Narramor,02/06/2015
96fce024-7b49-438d-a17f-2e5df7962a18,Doralyn McQuaid,01/10/2021
29bb0537-e778-4291-ac50-8e1af6aa9e2f,Jacinda Winfindine,10/09/2021
57471904-1858-48d4-816d-cf1587b6a30c,Ynez Nock,06/22/2022
d2e1928b-3a3d-485d-b7de-21faa95b862b,Klarrisa Petrello,07/15/2014
446211a8-a456-487a-8614-36f06a58e009,Katya Motion,06/09/2011
2111ce2b-9aa0-4140-b9fd-d35ddd9ea99b,Tedman Tales,04/12/2015
d0d75dec-f76a-4b3b-a95f-70c740dcd288,Darla Machent,07/02/2016
00877328-f961-4b06-9f55-722bd715807b,Mikol Tapson,05/27/2022
ade891eb-066f-45ed-bcd1-3e29bd32d41e,Denise Mance,05/28/2022
11877de9-1bae-4984-aa5f-10689d80c082,Domingo Yeell,08/31/2020
6f195431-8364-422f-9fd7-811bac1dcdb1,Karisa Arnholdt,11/03/2019
9abb4b1d-9084-4569-8c2c-c3fcd946c33b,Lib Mansel,01/13/2020
f12c9162-8c0f-4b8c-8ada-5d4a4af86486,Leonerd Topping,01/24/2022
fb250e93-2949-4588-a3e7-f103594d16e9,Orelia Otson,12/26/2020
e34e3647-0fbb-4c46-ab88-755ad340efe6,Melamie Rickeard,07/17/2017
6340868b-6329-4850-93d3-07d193ba752e,Betsey Witcherley,11/17/2015
da852331-59c4-448e-97d2-0ca91b0508e3,Rosie Rosander,03/07/2019
4609efce-ffc7-4ed6-92df-7297806a8f3b,Rasla Piercy,08/12/2012
a0750eb4-6b8c-4e25-957f-efa691bacd42,Gordy Frazier,05/12/2020
389ac2e5-f784-48d6-bd75-7e519bd658c3,Standford Trembley,02/05/2022
66e03c0b-7883-4897-bdb5-f7c3f4f1c381,Ilario Ogle,05/23/2010
0b913475-9d51-412b-9ca7-775cf07318b4,Anet Cettell,09/05/2021
f444a7b6-161b-4a71-841f-172db3802c4d,Nadya Greenough,08/12/2011
cce834fd-249f-40b8-9b89-404b2273b515,Colby Lodeke,05/22/2013
b91fec04-6dbe-4886-b718-48ce19e4457d,Terrance Cowlard,01/03/2017
72f0dcb6-352f-4ac4-85ed-f39b9933cc40,Cayla O'Dowling,01/19/2024
ebed1cfa-f73d-4024-a8a7-2da7b0f2b7fa,Fanechka Messer,03/13/2012
ae21190e-04a2-40b4-87a5-8e466150b9ff,Isaak Lammerich,11/03/2017
dac46fdf-7311-4939-9fa7-018d7cdc2a4a,Friedrich Trotton,01/14/2024
3ae850ca-a3a6-4011-b4d0-dc5a6ec58d80,Leshia Ishaki,07/30/2015
7ae65f53-3949-45fa-9e09-9efc16e91233,Gabriella Dorbin,08/12/2010
ab606b12-4c81-49ce-898e-c47be87c5561,Washington Wortt,06/07/2020
3792f345-9ac2-4e33-a887-c44c393cb598,Dene Inchan,01/14/2014
85eeae9e-cb38-45bb-a835-2d0724fd3ab4,Bondy Pierce,01/24/2024
57e605a3-0980-4da2-a2c6-1197f0c903b9,Fleming Celiz,10/07/2018
8d07bb70-52d7-4722-b9ab-34805f8ee95d,Esmeralda Demongeot,06/28/2022
2be97518-1b84-4ddd-bbac-e5bf63cc597a,Zerk Monckton,02/15/2023
4b262897-8c0b-43b5-a874-0f6ce48882d5,Philly Thorby,02/13/2016
ae0e0340-8837-445d-b180-8d549eeec0dc,Janeczka Danjoie,08/18/2015
0a220416-c1f5-42cc-8071-ee4a6a343ae6,Whittaker Manssuer,01/12/2011
d0d93c95-1219-4b7e-bf68-29f70e1998e1,Shaylyn Haddinton,02/12/2015
0714cf04-14b2-4021-9295-ae0d8ab9aa4e,Dredi Levane,05/14/2018
c1a1d522-6117-4b75-9faf-5e4c480c321a,Ethyl Few,02/01/2012
821b6f3a-2044-4de9-aa9d-8063132fddb4,Merridie Wheway,11/05/2018
899b82ef-6792-41f4-ad74-52a9bb93488a,Kit Learoid,05/20/2016
477f5561-8634-4c15-9394-dbe81ffccd3b,Shea Alcorn,08/17/2023
0e314682-5850-421d-aaf1-1de5c934a17d,Jenelle Urquhart,10/23/2012
61fe5767-a9eb-43e4-a416-7a00b03d73f6,Markus Raggatt,04/15/2011
4f367247-c629-4f34-87d0-8e6e4446063f,Jewelle Layman,10/20/2021
0f5da26f-2548-42c1-b2f7-19c347ab6bd4,Randene Denyukhin,09/19/2015
3c966e4e-b74c-4944-9e9e-dadb02ab0d81,Bendix Dover,12/31/2015
086dd398-f6fe-4695-bd94-bfa91596d8d6,Lena Rickaert,06/07/2017
5639042a-3cbf-4157-9456-a9631aeb654b,Tersina Derobert,03/03/2012
44517b6c-7f0a-4e05-b903-4c3f70be5c36,Hardy Linne,06/23/2018
edba9915-48cb-49f7-aab4-c25368490a59,Charo McKillop,10/20/2017
f3a4642c-5e53-41e9-8712-3111291509b7,Melody Hurtado,02/25/2019
15cfdb6a-d5ef-49b4-af1d-a3aa0f213ef3,Nerta Coxhell,11/07/2016
3ee26e9e-786b-4aa1-bb5c-3f89e57e09ca,Alisha Alway,04/12/2020
9d0cbfcf-712f-4541-a479-6fdfe5090892,Cindra Ingyon,07/23/2023
cb3d6ecc-1bd4-4643-bd4f-90b58f8ed157,Alyson Floyd,03/24/2017
e2ea5804-a513-4a04-a6e9-a4a6abc19ba0,Cully Hollier,05/25/2012
1d7d340c-936b-4f99-b9c6-9c77f915b4cc,Allister Durtnel,09/21/2012
0d423fc2-950b-40e4-8f2f-03356a723ee3,Alica Derdes,08/07/2015
513ee9db-6dfb-4ed5-afc8-954332ea7b45,Franny Sings,06/14/2022
1612228e-ce81-4a36-8b89-ef45edd53d07,Larissa Menhci,10/11/2021
257db329-dd54-4ad1-87ce-d934dd09e673,Morlee Grzesiewicz,11/13/2023
cc7d4613-6643-4238-b83a-9e30900ba236,Evelyn Burdus,10/25/2022
f7b0ada0-3ec6-4210-a3ad-905c5458ff98,Leah Ivory,10/02/2010
b759f604-ef9f-44cf-b28d-941ab8a58a73,Boote Raphael,05/11/2019
9dc2d3d6-ff46-48c8-96aa-3a366ed4cd78,Porter Colvie,11/13/2020
c591d505-7236-4a78-a122-a38095d89285,Bea Baress,11/28/2017
ac2298d0-620b-4ef5-8930-08c004df6b6c,Ellyn Spoors,09/14/2022
0011ffe0-68ce-4049-97c1-2aedc29a5081,Romain Reicherz,02/08/2021
a24b425b-1460-4564-af83-d365fd78e093,Dennis Sumshon,02/12/2011
131dbe8e-57f6-4cf3-92a9-9808f67c9e06,Wallis Brunn,01/31/2020
73603c87-1242-4fa4-9342-83c7b0ff4f64,Tonie Beller,04/22/2023
0e2cb1ce-a1d5-4368-b9fe-fe4651dc7097,Shaylynn Cornilleau,07/13/2011
d985ae74-3878-4f78-9657-e07188eb193b,Sara-ann Thorneywork,09/04/2021
e51cb715-aafb-4b79-9a20-1af6a356c214,Mohandis Witchard,11/03/2022
59dc678d-4960-4edf-a13c-e965f9fbcf3a,Niccolo Layman,11/02/2018
8f33aba3-5505-4968-a0ee-8b1d62332711,Dedie Gruszecki,08/05/2010
3b4eca92-bfd4-43f8-9fc8-e5b2815caa79,Emmanuel Purshouse,01/04/2018
e9665440-f538-4b9d-abda-086784639b00,Letitia De Gogay,02/19/2015
e52ccbee-262d-46da-8f6f-23e88f39f68b,Ritchie Kobiela,05/18/2017
25d55a7d-43a7-4d7c-bf4f-15340ac995e8,Wat St. Clair,03/30/2024
1c618f80-d920-4949-87ed-0554607a74dc,Dynah Hallgath,11/24/2021
d4ad0e27-e35e-4318-8faf-c1d5916d9e4f,Iorgos Spight,02/21/2020
a7c4ddbe-10fe-4e4d-af1f-66c686069e54,Emma Leare,01/06/2012
80b50f9f-30b3-4c04-b65b-325fe6664eb3,Merv Hacquoil,01/27/2013
68d4e21f-a367-4c00-b904-9f007ceaae5f,Timmy Dozdill,11/24/2021
1cccae56-d2ce-4864-b81e-49b4ce4ee6bc,Vinita Flooks,06/15/2019
cbf133ec-f86d-4ec5-afb9-fd789ac179cd,Max Rubinovitch,09/25/2011
7f515a74-7839-4e7a-a334-b883fc516392,Maryrose Gottschalk,03/17/2023
4a969ce5-3321-470a-8d89-c38ce1e2a47b,Ninnetta Armour,08/06/2018
19c1d7cc-6581-47eb-ae30-62fec58fe15f,Camille Dyson,08/11/2010
635739fa-7c06-4b20-8751-e8a96ae46075,Amil Renton,08/28/2010
14ff120f-39d4-4848-80b7-21f122322cb8,Edy Helin,02/16/2013
6e3bfada-da89-4258-91d4-8eb335ac32eb,Nilson Ganderton,06/15/2019
7c211f72-b5d3-40ab-9ea7-5928d6f6c144,Mela Spicer,12/02/2010
a39b304f-2359-45a9-bf2a-6fae4a004ab8,Chad Lazarus,09/24/2017
2a04e218-ece8-415a-bf41-5692080a4119,Elliot Gloster,02/07/2014
227304b4-a2c5-45d1-aebf-95ef9e1ec1ef,Jobye Halburton,05/27/2010
87fd09ea-38e0-4277-95f9-0d43af6a2358,Sayres Knapp,11/28/2014
cec61417-4da7-4e45-88ae-0c53b50d3df4,Clemmie Hebson,05/11/2015
321771a9-1bf0-4b9c-9fe3-0acf687b208c,Yolane Kmiec,04/18/2019
893922e2-3f3f-4a44-bd9f-3aeb31655fb2,Nathanial De Micoli,11/27/2020
74525566-be64-4531-b25d-fb5794d1f107,Cullin Poad,10/01/2018
b96fde3c-7273-48b1-803b-fccd58021f43,Hal Curteis,06/09/2012
b20b80fc-2a03-4ca1-89db-b34ea3fd0fb7,Kariotta Verbrugge,02/02/2019
2e8a1af3-741c-448b-a13c-77dd895365e3,Janeta Baumler,10/21/2015
53d7a6d1-e168-44da-94b4-8418c79586bf,Earle Skayman,01/01/2014
a404480d-0d7a-4c69-a711-6a43aed52685,Mildred Biesinger,01/18/2019
d67e040a-e6a9-4fe2-99b0-c30b567e2299,Bayard Stiegers,09/09/2017
b8b38f3d-08f7-4b34-88c4-917fb48cf8d8,Alan Weldrick,11/21/2012
b085f67d-223b-4b66-b340-a4722cca8971,Melba Olanda,07/01/2022
a12e2a63-7337-4a4b-a558-c1a164e82710,Arte Abrami,11/25/2015
68ad4583-5515-42e6-a036-71a7a29e60e3,Dev Juares,04/09/2012
a7711b45-b04b-48ab-b9d6-b145644a528d,Vince Fairhead,02/21/2023
8107321e-9bb8-4b21-b83e-22f1818941e7,Wald Spellacy,10/24/2012
80cbbdd5-3170-4b4b-8a25-d3e8671c48a8,Emmott Catteroll,05/16/2018
72cc2e6f-56d5-45fa-8a4d-7c8fbb4089b1,Revkah Pally,11/25/2021
02b04c20-3403-46f1-ba7f-3fd6a4acfeb4,Gilberto Figiovanni,09/26/2020
da9b5fa4-1b2e-4f51-ba2f-d42bc0ca08ee,Roxie Camble,08/13/2023
a63b10a2-bce6-4e43-88e7-a3e01f5836d1,Killy Wavish,10/25/2021
fe7cb300-fd9f-40c4-a601-8b0825c5cdd4,Sapphira Drennan,08/29/2019
e1f728b3-0471-440e-b33f-ca52570f358f,Drucie Sent,01/18/2015
aef1340a-c86b-4025-b439-1e110102e8c7,Trescha Sterndale,04/26/2024
c26a8a57-5d90-43fd-adef-6ebb8beb2d02,Midge D' Angelo,11/16/2020
088c203d-9379-4afe-873c-72669d02eb00,Debera Darte,10/06/2015
3ed6bf79-2a64-407c-ad67-0daae3b783bb,Clemmie Thunnerclef,04/05/2011
6a3eadf1-23d8-462f-9994-3de5ca9bad16,Dreddy Duny,10/03/2014
e25cb39d-b3c2-4188-aaec-49ed2aeb469a,Abra Helmke,11/02/2020
4cff8eda-1e4c-41e9-9c56-dea4e38fecad,Bogart Gudgin,04/27/2011
e5f935df-4632-46e5-b05e-da9417e03e63,Donall Firpi,03/10/2012
89ec73ad-361d-45e3-8fca-3ba1f9111f74,Michelle Penlington,12/03/2015
9291643e-cf17-43bf-9f28-f5781c53ffee,Xavier Bohman,09/12/2012
eb75f321-85a9-4760-bc17-632666bf4549,Genovera Coneau,04/12/2015
01ea2d78-0723-47c1-98d0-30d3a4fa6b76,Raynell Kirkpatrick,12/20/2020
fd434e38-9a85-45c1-9843-816f5e412a62,Lurette Mangion,11/29/2023
6e826510-3796-46ff-9e85-619717d9c80f,Ursula Wyborn,05/16/2019
97faf0ad-842b-4efa-8fa6-c59c36807ebd,Von Sigfrid,10/15/2021
fb43d561-c7c5-42f5-b4e5-8e8e691d075f,Terence Vonasek,11/25/2011
0a4225e0-7c17-49db-8120-96cf07ee9237,Lewes Marques,03/18/2017
c97c128f-b076-4333-959a-98a271b89031,Cynde Nelthorp,08/04/2022
f778d265-3996-414e-b58b-5478dbe2d83f,Sid Kennler,02/07/2024
a5ec56f9-8242-4ef2-b9ff-d724a0449fa1,Barrett Torry,05/30/2012
b344d29e-5b38-4a5b-9062-58b686ce0d1b,Erda Crack,12/31/2016
c1c4ec7d-25de-4f5f-826a-28a7ca866137,Pernell Bogaert,12/02/2013
d633ff6d-bca7-4fc1-8025-3ea153e6f83c,Claudio Ell,11/15/2014
e7da96cb-160f-4bf2-8eff-b721d11cc591,Otes Plaid,11/14/2014
364d73ec-4e25-4bdd-b07b-b04b015e3f3c,Zared Whitwell,01/01/2012
b95d942f-e302-493a-a6e8-625e1131a853,Penni Krop,06/13/2016
b2033ad3-6acd-48d7-ac87-84047c84d079,Nina Broxton,06/09/2017
6b0b45ff-2885-4636-9834-333613304aa9,Matt Kidd,03/18/2022
6561a39e-c69d-45e4-858e-9c09bca96fb5,Ezra Cuell,05/19/2012
72bbfce2-3c0f-42a5-aa4c-0f210e4687a3,Jaimie Denisevich,12/14/2014
d51e4e50-1cb0-48f2-964f-d7a9bcb2c837,Barris Vasyunin,10/17/2016
3b01d6ba-3f1c-43cc-9f81-f10953285b44,Ev Rolfi,01/17/2016
0cdc695e-7fba-4f3b-8197-bc51eb79d0a0,Brendon Mateja,04/02/2013
723c0993-3c41-431b-8345-6b091c054fd4,Chicky Freyn,06/15/2015
c80c8dd9-0c6c-491c-b3b7-bcda4419ef2f,Suzanne Dawidman,09/13/2020
91450fac-297f-4c67-afba-b992b9065ea1,Eustacia Barrett,03/05/2020
9698a4b0-ae9f-4592-95ab-ed98d20f880e,Carmella Dancy,02/17/2013
1e26cea9-6eae-4794-9992-ce2348ec07ce,Meridith Cryer,03/23/2013
6f9a376a-9745-4ce2-935a-e8a5970a0ca2,Winfred Davydochkin,07/11/2022
815e1f6b-5e80-4e9a-99d1-1a38204eb114,Heddie Peepall,01/12/2015
ad9e02f5-9ce1-4141-9134-535b65ddeb4a,Anna-diane McPhater,05/02/2013
41503d71-eb46-4535-a024-7dc5dbc24858,Barbette Reiling,02/22/2021
6e034b71-9e60-4e16-8414-7c873da72b98,Xavier De Freyne,11/28/2012
2e89378c-483f-49b7-bec9-8501b38fb96e,Joey Varcoe,05/10/2014
afb0eb19-65ea-42da-a0f2-f1cb4bc76182,Aubry Tzar,08/01/2018
686cef24-af7f-444a-8c87-3f087dd1d574,Ancell Julyan,08/14/2013
008c1a6f-fa55-4b55-99c7-d6ebb44cd447,Alica Boyson,11/22/2016
fea0e743-4d66-4782-a29f-d7b815dca5a8,Ossie Bluschke,03/27/2019
e85d0295-d859-4cc2-b42d-4d3bdfb72d80,Winny Malicki,11/10/2016
549cbbea-316b-4e2b-969b-b1cfe557896a,Frasquito Mawson,09/08/2018
d5e097c9-0b66-411d-ac99-c4240a4ea3ae,Odetta Dawtrey,12/04/2011
d523605f-926c-493a-b3df-2c6b4dd2c7fb,Bibbye Doone,04/12/2015
7e099bab-8294-449d-8dc2-14e81dee2cb7,Kaile Ducker,12/18/2012
4f288071-be91-438e-bec4-8ad5f439c971,Darbee O' Markey,10/10/2020
e67a82e1-35ac-4f2b-aee2-34d94d7e4e1c,Zuzana Picard,08/31/2020
1e71ea3c-a9f5-4bf9-97c1-415f8003d7ea,Cammy O'Dreain,12/12/2017
b51dd3d7-d553-4b7c-b003-e9ed7f07b501,Tova Longbothom,08/04/2019
8ade0179-3faf-4b3b-a656-8abd04f2a172,Sherie Swiffin,07/13/2012
8d098d12-d264-4bde-a21e-bf72ee0925c2,Zarah Morrill,09/20/2014
eda191f1-aef0-4da8-a276-2cea96cac3e6,Erika Walkling,06/10/2013
d31b2b23-2808-4050-96e8-affa06872b69,Jerri Britnell,09/19/2020
e1ae1f9f-7b82-41f2-a000-33e56093f476,Teresa Calveley,04/21/2023
c0749a98-be2d-44d3-a736-8bfd85c136fa,Cynthia Mazey,03/24/2018
4e697bd4-e5c9-4a27-8f01-eb0600300d55,Hermione Leander,04/19/2019
796d14bb-e1a0-4a3d-a34e-52c924382963,Madelene Eastgate,12/16/2023
9ef11171-237c-46e9-97eb-4d7053038ff1,Cully Rekes,06/04/2023
09e7fe44-4f5d-4d85-a9dc-6d5fdf1f3b21,Keeley Filippo,02/23/2015
73a8cc15-2ee5-4b4d-ad0f-96fe322dd150,Rene Hove,02/26/2013
91a93325-3868-4e2b-9266-f24a733fa67b,Benjamen Huison,12/25/2020
715bc8d9-c747-477a-893d-6947196c30ac,Velma Rishman,03/10/2023
d9d9a920-2875-4bc4-a6ee-754482a717f2,Alfy Vipan,04/02/2013
0a64e064-a1f3-4694-b987-51eba2743966,Randell Lochrie,06/20/2012
6d1bc2f8-59d3-4f5c-b1f5-b7fd4fb5b22a,Mellie Attard,11/12/2014
31e06574-5877-474e-8fd2-424740e161ea,Candie Hardes,12/21/2016
130faa92-01f7-4d08-bb8d-2fde96282703,Cinnamon Hulks,01/29/2012
989febfb-85f0-4a99-88ee-f0478c8e593d,Dian Michele,07/03/2021
39631c3f-fc90-4422-84a1-33789964004b,Janina Botten,04/04/2019
3cf68de8-b293-4d6a-8ca7-9c07836d08f4,Ginger Carnaman,03/06/2014
732b7389-715b-4d89-b20f-49865e020490,Fidelity Wyeld,03/25/2022
df4a6695-ccc2-4b65-bdbe-5fe2d3858a45,Rahal Oliva,06/27/2017
615321b5-136f-4fda-88e2-e3fd709b9924,Winonah Gowling,06/16/2017
0490ffe9-9803-4ba7-aae4-17958565e7ab,Nancie McOwan,01/12/2018
030d2814-9c51-400c-b477-21c81e9930e2,Windy Cathrall,10/09/2020
208bb84c-80cc-40a8-bd1b-1fd0c8094cff,Constantin Rawcliffe,10/06/2018
453b6f4e-dd74-4342-91a1-21dc37a02e56,Jess Adrain,09/05/2014
ee97a124-f938-450c-8d7e-760aac193cc7,Normy Dealy,03/11/2023
8f7e64c6-3cc5-41b7-8a79-bdb5c1e1b420,Leigh Balke,03/11/2013
2975d67b-b0c9-4eaf-af0c-9b59e752bb92,Aeriell Ludman,10/27/2010
d4452e8b-48c3-4623-bba5-8f203e2cbc3f,Derry Eads,04/06/2023
c379c441-9757-4bb8-8eb7-7cc198852f83,Valry De Lascy,07/29/2017
7a9b5310-9f44-495c-b13c-36b5a4df7a41,Reagan Donat,04/22/2021
4bd5357d-0d91-419f-b8b6-74c02eb067b7,Meghan Robertot,06/30/2012
7c8d22c9-a4e9-4ef2-816e-25df4c1e44dc,Isak Howles,04/12/2024
3cf41747-c62b-47a0-ba67-5d910e6fc4bd,Fawne Winwood,03/23/2018
1d955998-37db-4fcd-9789-71960e6117a9,Ashby Spreull,10/21/2012
18106b83-b7e4-489b-88da-bbb94914a312,Bernie Suttle,05/28/2014
5a0e0c50-0462-4095-b787-f6fc439d99dd,Maisey Meiklam,03/17/2020
83aa6787-adf0-4f31-adf8-ccc5708b2a76,Gram Grubey,12/12/2022
b30d08be-c5c7-4350-a4de-2c0fff9532ea,Julina Powder,06/16/2012
95a28ecb-9ae3-485f-970d-13fb93b69c60,Parry Charlon,02/18/2011
70614ffb-cea0-4236-8993-488bb4565b37,Perceval Girth,01/28/2015
71e327b3-0a08-4c05-ae09-83941b95a422,Cahra Dober,12/01/2023
1b5a05ee-ef80-4a63-8878-e50cc6fa373e,Isac Duprey,05/06/2015
aad82cfb-ff4d-48cf-9788-cbc1346bd074,Salvatore Ruckledge,06/20/2019
a1052e86-562d-4daa-a546-db33da691c81,Adorne Behling,09/10/2023
53628691-54b0-472a-b0e0-46b116ccf9ee,Elijah Burmingham,03/16/2023
5a0793ad-d9e3-4295-a8a9-0edb1eeb4de6,Harper Le Monnier,03/03/2024
6849aee6-d77c-437a-b66d-48971bb5a519,Friederike Iddiens,07/15/2014
59a45d68-d413-433c-970c-c7725a27f646,Arden Avery,04/09/2022
667a1014-fdd6-460d-9475-d7b46dce2921,Jolyn Agostini,03/04/2019
4859c44f-a650-4b5c-9f88-ca2061d674aa,Ethelbert Hoppner,10/13/2016
32734668-62c4-41e2-b052-ae48343127c0,Reed Andrysek,09/20/2016
514508d4-9f7c-454a-811b-499df30fbd46,Amelie Delafoy,07/28/2016
47386285-ba78-4782-9127-84be9286dbf6,Nellie Luna,11/17/2018
ceb18230-38c8-4e7b-9b4c-dc1ab338d4eb,Beryle Alexandrescu,05/03/2021
0f30da18-f1f1-45d3-aca4-d615b3bc49af,Lanny Connolly,10/02/2017
c1c46a2a-5333-4b21-8a1d-38c190dd0559,Thurstan Levermore,05/16/2011
3272eee3-f1d3-47cb-a59b-386c910bdfc4,Venita Parramore,10/25/2020
d20693e8-1cfe-4b9a-baf5-3113b6845511,Johanna Fenna,11/30/2018
76ceedae-4074-4de9-b86d-fe8c2bd8c4a1,Perry Lecky,01/05/2013
141a0b9e-a73f-405d-ba34-a0afa6b43cd8,Catlee Vogt,02/18/2022
b836eb9b-5aa1-49e4-858e-44e0b10114bb,Remus Eglin,04/13/2017
cce110b7-e017-4691-a373-50ada2b9979b,Dorri Jaegar,08/05/2020
e68dded9-7470-4028-b792-771f7d170f7b,Mack McClenaghan,05/20/2014
0d7d3dc4-53e4-4ad5-a2f0-4ed93f09d321,Willa Marple,07/08/2013
042a163c-26c8-4a02-b700-94f6a5848de3,Arabella Jesper,02/13/2013
a6eda797-80c8-4936-99f9-7faf25fcd9f4,Regen Rosebotham,01/27/2020
8604da9c-965f-4fa0-a611-a9670af92747,Chicky Feuell,02/08/2015
5457463a-2810-4267-958c-01801bc68664,Quint Robertson,09/02/2017
cacc8b34-6aa6-47c0-b70d-bad3fe894669,Zebedee Sinott,04/01/2014
887952b7-8c35-4a3a-a9b6-41ac64b37ff1,Armin Janzen,12/23/2020
a2be5954-1eca-4f69-8945-9a56a86402b9,Cleavland ducarme,06/02/2020
de311be2-49a8-4390-930b-d6e006c2b93d,Bernarr Learman,09/25/2015
9961934e-07ac-4717-ac1a-0859b6403a27,Minna Mellenby,07/31/2021
71cdc0ab-8f48-42a4-bb32-72a9ae1c316d,Alanson Scobbie,09/07/2011
1857847d-43db-43ef-818f-afda565e2711,Sherwynd Savoury,02/12/2014
ae291544-bef2-4d46-ab3e-cd0f22b7729b,Rutger Barnfield,06/14/2017
8603eb86-30d1-4421-8516-724bd4b8f2b0,Claus Riccetti,03/16/2011
c5a079f5-a310-4213-b107-fa014c000bd7,Zedekiah Bogace,04/15/2021
d33556ce-5f56-4c31-9ce0-9d44b2597a1c,Dareen Gronaver,09/02/2013
0b663daf-135d-4754-97b7-e6788a56f81e,Jedediah Cuerdall,08/22/2015
8e7d2cff-06c5-4ada-974f-64e99942ae32,Hermie Broz,09/25/2022
3a8ea1f7-19d0-472c-aa3e-b5bf142f4546,Harper Vasey,05/06/2011
8179598c-4951-43e4-afd8-584886d8c429,Martie Huban,12/17/2014
278b47b7-e7b2-4f0e-b6cc-becb485d20c7,Kamillah Rickson,07/26/2012
932e91e9-a8a4-40e0-99ba-f162fbc48f8d,Kennie Spires,09/14/2012
eba0d185-fb94-4ea9-962f-987c226180ed,Peggi Devinn,02/15/2011
b8005fec-3fe1-4d50-a013-f55f7d3463d3,Quill Chetter,02/17/2015
da80db30-c8f5-48b6-a77b-c797e057bbc2,Fabien Barmby,11/07/2018
2f01a341-0c8f-4a42-866c-6b1e963c3f42,Bill McShane,03/26/2019
89bba819-55f9-455f-bad0-661afeec8fa1,Donavon Martelet,08/24/2011
5b9971bb-0862-4fee-9d3f-7a8b817e0dc0,Audrye Rochford,03/31/2019
525c83fb-fa7f-4df0-aa3e-817b1e2cf385,Karly Raithbie,11/25/2013
248ba1a7-50ea-44d5-825b-d43c02e1b7db,Atlanta Russon,08/06/2018
136852e3-2379-4600-9ea8-cfb890c27adb,Erich Lufkin,07/15/2017
8bb83c07-b389-4ed2-8a1e-3f0a257fd7c0,Leone Ambrogioli,03/03/2021
3a378101-e820-4aac-8270-c8ad8c57336b,Werner Snookes,07/11/2015
c8cedda6-f023-4e5d-8cf7-a2746d55ac42,Dionisio Brambell,08/10/2021
af0fae6b-a340-49a4-ba17-4c648cfafe17,Farica Thurstan,12/07/2015
7f97dfc2-8a4b-4762-85fd-deee02be928a,Dasie Francom,07/04/2023
4b601e32-696c-46a8-82e3-42232d3eb796,Shanon Guswell,04/02/2013
ac934274-fb44-4cc2-944c-6e35e19bd05c,Efrem Bony,11/20/2018
c5e25d03-6d95-4892-a613-720c66595d7a,Wilona Rollings,02/19/2014
b54f39f6-20db-4cc4-af70-426f50973427,Debora Kesley,04/02/2019
c1ab6675-382e-451a-9f6c-32f3b686aa64,Talyah Ciccottini,07/09/2023
fb472a69-f201-463d-9174-0727494857ef,Selle Gotmann,04/29/2019
fa0667dc-9bb0-411f-8722-d94161163556,Ali Pyott,08/01/2010
86ce2106-7e50-4155-a0bd-e9e7b9c2af3c,Minerva Dracey,01/28/2015
cfed2de2-fbf3-484a-8a87-5b301a62fdef,Dee dee Reyna,12/02/2012
02c2defa-004c-4789-9575-838a27061301,Vernen Kohrsen,04/23/2018
07ac6dbc-2bf4-4c99-8ec2-4bff422dfce4,Milly Ashbolt,05/15/2022
457c2688-1e82-405f-92bc-399dc21a502f,Susanne Martinovsky,01/11/2014
e316d376-9106-4cd0-82e5-497a6ed1e89e,Marni Brind,03/14/2023
92c1fdf3-6f77-47a9-8e51-081d7c468c23,Grange Curzey,12/31/2010
2063fe7e-ea2a-48dd-bb04-fd73ccc0bde4,Beverlie Saenz,11/23/2022
15ab7315-fdbf-43d9-9375-900a004cf829,Hazlett Lamperd,10/28/2021
e0e03222-6460-41bf-8109-8353e92322a0,Thorny Catlette,02/23/2022
8cb2ed23-4836-46a4-b8c7-e6e72454b5a7,Barbi Lowres,03/26/2015
b477aaca-c782-46c7-bbc8-327888e46b45,Isahella Fink,10/08/2010
de6b8459-007a-418b-bc33-c16e6e0f912f,Giana Imlock,09/15/2016
1fa5ead9-33de-495a-a12d-9e0d0ec797ba,Lyndell Sherburn,07/29/2019
1c9e6d49-c0d0-4793-badb-7a3a825d60f9,Desi Simanenko,02/22/2014
4513b49a-7c42-4d2e-9878-ab0f12014718,Angy Akester,09/16/2021
2ee7338a-5939-487d-b4ce-a7eb29590f77,Cynthea Mor,12/04/2019
fe135db1-80ab-4738-aa73-414ad6e63945,Retha Cadman,04/22/2018
0fd4d90a-9e21-42d9-a916-55ff8208d1ba,Philomena Simonich,08/07/2011
3de6a2fb-c3d0-4582-9796-b102c26ad449,Kinna Blissett,01/16/2019
7e637c91-30d3-417b-a27b-0bbbdf76ee03,Kary Barchrameev,03/20/2020
cec86c8a-4b77-475b-8659-cccedfc97cf4,Currey Absalom,05/06/2011
956068b7-106e-469d-8ef9-41a727034d99,Klemens Marple,06/21/2020
c45ae672-65e6-408d-808b-f121eee3502e,Emanuele McCart,08/22/2021
616ef0c9-8e19-4c89-8cbb-a0f4cda7dc4a,Novelia Grubbe,07/01/2010
e59d333d-da46-43bb-8e35-ef9a3e9605b9,Georgy Zamorrano,02/09/2013
b1ecf2cf-a7bb-444c-8dc4-0cfc57198635,Christabel Llywarch,08/01/2010
60730eba-1c10-49d0-8281-0cb04e43e6e6,Dewitt Camilli,02/09/2013
2c513402-433c-4aaf-b9de-20cff8b8cb43,Regan McInteer,02/12/2019
9dc64242-a8f4-4d49-8711-fd18854f833d,Tim ffrench Beytagh,02/16/2013
5fb07f2b-583f-4e78-99dd-5e45fa0f8afc,Tommie Wogdon,12/10/2023
b34afd67-4818-4ea7-bea5-979201ac4ded,Dorice Busfield,06/03/2018
c6a2df0e-ccf0-4e02-a5d9-eaf4d9769d10,Della Agg,06/02/2021
d18635ea-3bdd-4774-b8c9-3aa0a44961fa,Delmor Daout,09/03/2016
32d8f803-9850-493e-92d6-ee724740f1fc,Harriot Vearncomb,04/29/2024
8b7c090f-bf85-4ab9-b486-8d75a6b46a8c,Udell Walwood,06/11/2014
3957cda5-350c-46ad-af6f-82c2e76c9698,Catie Orring,08/14/2011
e26d8706-92fb-49f8-8421-bafffac215f3,Gideon Hurlestone,07/17/2020
d64473ea-eab8-4009-aa67-e3ccaeb9d262,Georgeta Southan,09/07/2020
5a6dbba9-bb1f-453e-8524-efe30a9e475b,Irving Kniveton,05/09/2016
d86d5051-6fe5-4868-80df-a171e1304b19,Leslie Worsell,05/31/2011
6266363b-3a3c-4704-899d-9573ec91fbac,Marya Winchurch,07/19/2018
bcd61251-c21b-474e-b50c-c041b6c7e38e,Crista Goldbourn,05/06/2011
1e971a6e-7cf5-49f1-acf0-06038cc9f1f2,Brittni Wallege,10/04/2016
47ca495f-5a1a-4c7d-bcd1-543d8a7fb80b,Hewet Hatcliffe,11/16/2013
ddff0a21-5ba5-4f25-8e13-9d29a9c8ab99,Elsey Garn,05/17/2019
d69e4e58-cf31-4975-8b53-75db584347c5,Lotta Giorgeschi,11/09/2021
6c46b69c-277f-4796-ad4d-052101246460,Mallory Lawleff,05/29/2016
e436a7cd-ab86-43fb-a7c0-9819e9097557,Johnnie Habble,08/25/2013
189d02a6-4ab5-4eda-a8c8-4c2b6107a4a4,Lark Bardnam,09/01/2021
6275bc4c-fe69-4960-a047-8d79c49b6326,Carleen Straughan,04/11/2014
086c899f-393d-4249-bf15-9315003241f1,Daryl Lohden,08/09/2014
ae1e7920-5924-4927-bb1a-18276c0b5fd9,Olag Wilsone,04/30/2023
40f61f6e-fcbd-4317-bbcb-d1962be0e1a2,Elwyn Gradwell,01/11/2021
60ee888e-5fd8-468d-80a0-b75ca74abb89,Sollie Gatteridge,01/18/2018
301f4dd6-aea9-4be2-aa7e-7e45f0ee9c10,Alejandra Ziemens,08/26/2022
75b63462-9df6-4f15-913e-8624a54aa103,Star Shoebottom,01/12/2011
270b4c19-a7fa-4e11-a3ad-1649f67e677a,Archer Murrill,10/25/2012
402d329a-739e-42ba-ad94-4cc934779094,Charisse Denzey,06/26/2017
8574a2f3-c063-409a-82fc-d77448af2a58,Arron Linsey,08/01/2010
05d1bdf1-a733-4436-ae24-cfea4635d0ff,Demeter Pinder,12/29/2022
be5457f7-d366-41fc-bd2e-201efbbfe25f,Christean Serrels,05/30/2016
0aa7a9fd-4f46-4b3c-adf2-a56b2db96a4e,Neill McQuaide,05/25/2023
d9f9f964-91b4-4962-a07d-c0c69c27f6ae,Torr Hannent,06/09/2012
4b59e160-0a5c-4ccc-99fc-48738b709e11,Karl Neilan,04/11/2022
501ac667-5947-4e22-9142-0548165eb340,Dorise Adey,07/06/2022
6dd50bd7-2fc3-4e62-a94f-a34f5b720f5f,Fairlie Howley,12/09/2020
15f5b6d6-ef05-441d-b7f3-4a72d06d9ecd,Yoshi Coyett,03/18/2013
fff34bd5-a61a-40d3-b646-497ea1a23b91,Stephen Keelinge,10/01/2013
6790ca8e-e609-457a-809c-023f1034940e,Dawna Sibborn,11/28/2012
78be9696-f07b-410e-947d-378c88d8e1cc,Wendel Essame,12/17/2015
34a60cf1-ac4d-4150-b029-61eb6afa3423,Laureen Gurry,08/20/2019
6e375aba-6179-45ca-a914-76df8b9c71ce,Mallissa Mobley,02/18/2019
6410021b-4553-42e6-ab75-2d526ea8599c,Blondie Estevez,12/05/2013
3610484c-1077-46cf-a555-d292fbf204a2,Chucho Dunkerly,10/07/2015
06253423-ba16-4db1-93ed-6de7eaf488d9,Klemens Montague,02/26/2016
952394e2-c482-4d06-9a1e-c94f5ca45b1e,Owen McHale,07/14/2019
51e30c0a-2066-441b-811e-22de93e987b0,Oswald von Hagt,02/03/2012
beb37a54-bfce-45fa-a56f-666d9d2a1649,Munmro Hum,03/30/2012
fa56a958-d90f-40c8-8e24-841485d91701,Paquito Carrabott,08/08/2012
c5653720-2070-4fcf-8720-1f95580552ee,Edna Lidster,12/16/2021
a3987253-5930-43db-8def-d5aa66433c30,Crystie Frail,10/14/2015
fe3651f5-42fd-4bc2-9fad-7d04d5235791,Burl Elam,11/22/2014
4fcb16aa-fd6a-4436-a791-3af376bf1d59,Linet Hargrave,03/06/2018
839823f3-16f9-4bd8-9033-275bca9faa67,Analiese Riseborough,12/13/2010
848fead2-cb2b-4ea6-b7c7-6570c88b603c,Boycey Gaunt,01/05/2016
1318874c-d5f4-4f26-8f54-961be97b90e9,Graig Tinklin,07/07/2014
1e202106-fbf1-4814-94fb-b5b6618fed85,Adam Lamacraft,06/25/2010
37170c30-a369-4887-92b0-46b40863aa44,Roseanne Inderwick,12/11/2016
b9653cdf-5e5e-4eb1-9edc-a549da882899,Leodora Kuzma,05/20/2014
b1017b09-86ef-4dac-8aca-b1e240e84adf,Staford MacLoughlin,03/11/2018
20af717a-9ecd-4af8-a183-0bb863fb7f95,Cacilia Kensington,03/25/2021
3560102c-ee02-4109-b9cb-95672adf8b7b,Creigh Dicke,10/08/2010
23402fb5-92c7-43d6-aa54-0c3d3eebc17f,Isidro Shier,10/16/2021
d7d7d822-9461-426a-bd62-41d69a0f1daf,Dionis Gantzer,02/12/2015
c882201d-c0ec-4562-98d2-5de31a8b71e3,Justin Askam,06/15/2020
712be0eb-64d5-4b3b-8007-d0d09fae0884,Philip Stiell,06/17/2022
8470fbf1-7898-4c6e-8bb2-8be3ba778314,Benny Plett,01/17/2011
93335ab4-3c14-4b98-bac6-d68be45ab715,Abbie Checchetelli,09/17/2018
db1af1b5-aea6-4cb1-9e2a-44aa3ee63319,Gabbey Sieghard,07/12/2023
dfd13f03-7027-41a3-a7f4-911ab1e54732,Randy Tixier,02/08/2021
5bd44fd0-c775-4a74-8737-8c60cabfcccf,Creighton Cambden,11/24/2013
881e86ea-1f27-4909-bb6d-99c23bcfbe0e,Tades Shawe,07/14/2019
cac0f382-1deb-4ae5-ba58-bdba60154950,Livvie Torri,09/08/2013
1e225b3c-3965-4183-9555-ae9e8cf42237,Britteny Byars,09/15/2020
68746c50-f4cf-44e8-b747-58b4eab33ac2,Rudie Emanuelli,07/13/2016
337ded89-46fe-45f8-a15c-c47caff48417,Koral Matthessen,07/24/2013
e5855f03-b5a6-4f4f-9d44-2913fd79c5fb,Eamon Plant,12/24/2023
b62f7c41-828d-42b6-8b17-cad06775707e,Jelene Klouz,08/10/2021
fe29ac79-5adf-4ca9-b95e-d16cc8d4835a,Elihu Beedham,07/28/2016
0696ddfe-1f5d-4fe3-92ed-0d0600fbf915,Chandler Culham,08/08/2015
1c033584-2fd9-459a-bfee-53cc8be6f1ab,Newton Harbert,03/04/2024
605187cf-e436-42e8-977e-c608fae45302,Jamal Mooney,06/21/2023
147250ca-2a59-4d01-abdd-34ed8c305fd0,Salem Carvilla,05/27/2019
48c89612-f6ec-4b1b-a8c8-ecb3d899b412,Aggy Tortice,05/12/2019
92be527a-75b7-4505-8ec0-8dc649dea25c,Mahala Ozanne,10/16/2017
d75ab73d-11aa-4123-a1b9-dee0efbb4494,Glen Lippiello,05/09/2011
d4389384-732a-4ba4-ba15-d331a919c908,Tildy Faill,08/06/2016
ee2ec7d1-84b9-4569-a82a-0261252b3d01,Karylin Rillatt,04/24/2024
3e26b875-b9fb-4b40-b293-79175dcf4c24,Daisy Goodfellowe,05/28/2010
74bb1bb3-1e3c-4b75-8f32-35f5a50abde8,Tiena Tattoo,09/25/2015
45c57504-c658-4c69-b6bf-40cf30923b2f,Emmery Skilton,06/18/2013
a2021040-e3bd-451b-ad3d-4d6f2bbe8381,Laurens McPike,11/12/2018
2e26f6bb-909f-460e-a0bd-638840594c99,Tadeo Stud,04/14/2019
3e7ff349-60ae-402f-ac3a-f7ac02744204,Tamma Cahalin,01/17/2012
88ad83ee-4630-43fc-9e94-4616e2ef5403,Judd Point,04/11/2014
9467bd1f-0eba-4f0b-8c4e-38f89c08bbaa,Aurore Grasser,03/28/2023
4adb404b-c0b2-4585-b285-0d865a5899bb,Arvie Claeskens,05/08/2018
4bdb658d-991c-46f3-ad37-e3ea05b779a4,Dagny Gaine,12/23/2019
9a55b857-75ad-4e02-8c04-56bd2bd3605b,Selby Semarke,08/06/2013
24672db5-258d-4a48-8c62-9ad3aa625f51,Lindsay Kacheller,11/19/2022
da641f08-3eef-43a4-a3f6-f82a888b41e8,Erin Flannigan,04/28/2024
4fc5f155-c992-4172-b58b-2d208095716d,Lorant Giller,12/05/2023
a1f379a4-572b-472e-9d83-2cdc56441244,Budd Swendell,09/24/2013
246390ef-5bbc-468f-b29a-3d9e5b4b60b4,Zebulon Bunney,06/05/2018
373e883e-9615-44d1-b004-f521837b5cb5,Shannon Gingle,04/14/2017
0d079af0-cc1c-4a89-9356-8497db4c5c41,Nathan Rolfs,10/18/2017
63123b32-042c-4966-bb6e-18f8cb9e4ac4,Florence Shevels,08/12/2014
55fe1ecf-c3b1-457a-a1e8-b20d4a821f6c,Odelia Winterbourne,05/10/2015
7b296cd2-09fd-4802-b05c-db1bffb5e4c2,Charyl Blethin,06/27/2015
b7a1ee5b-79e6-4033-a542-f59d3f020b9d,Alejandrina Bamlett,05/29/2012
a7cccff1-3005-40d6-bd9e-4dfe9ec2a46d,Kimberly Blaby,07/12/2019
a1e49072-2b8c-45b1-bd90-2ebae4b66091,Codee Schleicher,11/01/2011
bd06ae0d-28ad-48d6-95dc-a2561555dd24,Samaria Wakely,03/16/2023
b47a36d9-0546-459b-b8ea-196c9275ed76,Sutherland Dietmar,08/29/2016
0dd86047-6e10-4530-8668-e488c432f2eb,Lottie Renon,02/27/2014
11878b0c-2a2f-4c5e-8c94-6d70528855dd,Alexandrina Duffree,03/20/2019
54d5f8b1-aa43-49cf-af59-b16e84317a0c,Vidovik Strother,05/24/2019
aa189122-4bd4-484e-807c-9f09c8aeadcf,Pincas Boshard,10/16/2017
4989eb52-2141-4648-8b7b-605335dcf011,Callean McEvay,03/06/2018
87307009-557f-4952-8409-4c269ee5ec23,Meta Selbie,12/03/2015
8f7a8acb-7021-4d59-9abd-c86a7a30759c,Sybil Pirson,11/30/2012
03efa81a-1734-4f64-891c-0c21ee11b66f,Isobel Brightey,02/10/2017
826eed6e-c470-4fa5-9fee-b42ea30c4236,Jonis Skeats,12/08/2010
f2228321-303e-409e-bb3b-def7343edb66,Del Clissett,08/09/2013
cdecdbd3-583c-41c3-b85b-66b1569c899d,Merill McGeagh,01/30/2024
03a53fce-9535-4dc9-af18-4b7ef0c2aa08,Carly Sarson,11/24/2011
20f4424c-1412-46e9-8800-1676e1328e3e,Masha Lumm,05/01/2022
29315db5-ee68-4ad9-9328-60b503de5fc6,Linea Balderson,03/15/2016
d09e2b8e-1c94-417d-a76f-957ec909b768,Daisi Ruprecht,10/12/2011
bfb90210-8d3f-4a91-a51d-1ba30b04abe1,Nanete Sillitoe,10/17/2022
4245b11b-85b8-4b4c-a2f9-15f4950cf57e,Mandi Revett,04/20/2023
f4e4d9f0-3edb-4f86-82c4-ada0484091a1,Ivonne MacFadzan,03/13/2014
b5f73542-20d0-47f2-9f3b-cc41a5b3b7fc,Holli Bugden,01/01/2018
e495d430-d683-4718-bc53-eff84efd6976,Malinda Mathy,03/11/2021
e8e6fc8a-9397-452a-badd-d36836293094,Dominik Torra,03/16/2014
de16077b-9329-4873-92fa-786b7b2b8dfb,Clayborne Sealeaf,09/13/2016
61bb10a4-601d-4815-9c5b-4cb9a2d8df2a,Vivyan Le Estut,12/27/2023
93626477-c1ee-4233-b04e-ce7edca4dcd5,Tomasina Faltin,04/06/2018
98e82c43-1a1d-4b0c-8641-237314ed008f,Lane Creboe,02/26/2018
eb72d6a8-8162-4aa6-a1be-5eed67b9446a,Myrtice Worral,06/09/2018
7d8837e9-41b2-400a-9a6f-6a60ace1f70b,Adela Lethem,04/11/2019
8c639f9f-57e0-4938-b331-93ff373212f3,Diahann Learie,10/29/2017
8141eb84-3356-404a-be01-a22733508cf0,Cory Pye,01/12/2014
708f7d1e-ff04-4d02-854a-89f93cd2a671,Abel Murfill,09/29/2013
35405912-60ca-45b3-a1c3-8298635e68f1,Jae Aubray,10/14/2020
e125deea-f0d4-4a33-a827-b70ef6f0c4eb,Pierre Beadles,09/29/2012
f92ae22c-80cf-405c-8463-aa4c1e3f343a,Kynthia Ladlow,04/23/2019
86433b5c-b67a-4182-adb7-c1d9f7dad480,Theo Gothrup,04/09/2018
14c7f254-2b84-46b6-9348-074be3a69c8e,Philly Corzon,06/25/2015
16976f8d-3d4e-4021-8451-8115c3d64654,Latashia Rielly,04/17/2013
